,c,mn,si,cr,ni,mo,v,n,nb,co,w,al,ti,fe,combined_compositions,yield_strength,tensile_strength,elongation,combined_properties,elongation_predicted,combined_predicted,elongation_catagorised_true,elongation_catagorised_predicted
0,0.02,0.05,0.05,0.01,19.69,2.95,0.01,0.0,0.01,15.0,0.0,0.15,1.55,60.49,"[60.49, 0.02, 0.05, 0.05, 0.01, 19.69, 2.95, 0.01, 0.0, 0.01, 15.0, 0.0, 0.15, 1.55]",2411.5,2473.5,7.0,[2411.5 2473.5    7. ],12.695898528651355,[1877.93416328 2081.38013282   12.69589853],medium,strong
1,0.18,0.01,0.01,13.44,0.01,3.01,0.46,0.04,0.01,19.46,2.35,0.04,0.0,61.03,"[61.03, 0.18, 0.01, 0.01, 13.44, 0.01, 3.01, 0.46, 0.04, 0.01, 19.46, 2.35, 0.04, 0.0]",1123.1,,8.0,[1123.1    nan    8. ],10.929772627889195,[1468.83531353 2056.87093935   10.92977263],medium,strong
2,0.0,0.01,0.01,8.67,13.45,0.82,0.01,0.0,0.01,13.9,0.0,0.39,0.57,62.17,"[62.17, 0.0, 0.01, 0.01, 8.67, 13.45, 0.82, 0.01, 0.0, 0.01, 13.9, 0.0, 0.39, 0.57]",1736.3,1871.8,,[1736.3 1871.8    nan],17.50832044190165,[1506.52417505 1683.41754043   17.50832044],,strong
3,0.01,0.05,0.05,0.01,17.7,3.95,0.01,0.0,0.01,15.0,0.0,0.13,1.47,61.64,"[61.64, 0.01, 0.05, 0.05, 0.01, 17.7, 3.95, 0.01, 0.0, 0.01, 15.0, 0.0, 0.13, 1.47]",2487.3,2514.9,9.0,[2487.3 2514.9    9. ],12.876270478832303,[1803.91657645 2023.29625514   12.87627048],medium,strong
4,0.01,0.05,0.05,0.01,19.4,1.45,0.01,0.0,0.01,14.9,0.0,0.13,1.55,62.42,"[62.42, 0.01, 0.05, 0.05, 0.01, 19.4, 1.45, 0.01, 0.0, 0.01, 14.9, 0.0, 0.13, 1.55]",2249.6,2315.0,8.5,[2249.6 2315.     8.5],13.333576539081303,[1872.62132794 2041.87898033   13.33357654],medium,strong
5,0.19,0.02,0.49,12.56,0.94,1.96,0.01,0.0,0.01,20.1,0.0,0.03,0.0,63.69,"[63.69, 0.19, 0.02, 0.49, 12.56, 0.94, 1.96, 0.01, 0.0, 0.01, 20.1, 0.0, 0.03, 0.0]",1328.3,1779.5,19.7,[1328.3 1779.5   19.7],15.4037157050901,[1472.84633705 1943.97973304   15.40371571],strong,strong
6,0.0,0.05,0.05,0.01,18.1,3.6,0.01,0.0,0.01,13.0,0.0,0.11,2.25,62.8,"[62.8, 0.0, 0.05, 0.05, 0.01, 18.1, 3.6, 0.01, 0.0, 0.01, 13.0, 0.0, 0.11, 2.25]",2501.1,2570.0,3.7,[2501.1 2570.     3.7],10.06462922390819,[2020.97686742 2251.010494     10.06462922],fragile,strong
7,0.1,0.57,0.24,12.19,0.01,8.9,0.01,0.02,0.01,15.2,0.0,0.03,0.0,62.73,"[62.73, 0.1, 0.57, 0.24, 12.19, 0.01, 8.9, 0.01, 0.02, 0.01, 15.2, 0.0, 0.03, 0.0]",1228.9,1795.6,2.0,[1228.9 1795.6    2. ],14.06903637353744,[1197.70111197 1732.95263834   14.06903637],fragile,strong
8,0.01,0.01,1.99,17.5,2.1,0.02,0.01,0.0,0.01,11.8,0.0,0.03,0.05,66.48,"[66.48, 0.01, 0.01, 1.99, 17.5, 2.1, 0.02, 0.01, 0.0, 0.01, 11.8, 0.0, 0.03, 0.05]",1088.6,1419.3,10.0,[1088.6 1419.3   10. ],17.164074224052676,[1128.61466531 1490.65562429   17.16407422],medium,strong
9,0.16,0.01,0.01,14.56,0.01,4.9,0.48,0.05,0.01,15.6,0.0,0.04,0.0,64.18,"[64.18, 0.16, 0.01, 0.01, 14.56, 0.01, 4.9, 0.48, 0.05, 0.01, 15.6, 0.0, 0.04, 0.0]",1502.0,2008.4,11.5,[1502.  2008.4   11.5],12.298137699018776,[1386.57340171 1957.63006723   12.2981377 ],strong,strong
10,0.01,0.05,0.05,0.01,18.0,3.6,0.01,0.0,0.01,13.0,0.0,0.08,1.88,63.33,"[63.33, 0.01, 0.05, 0.05, 0.01, 18.0, 3.6, 0.01, 0.0, 0.01, 13.0, 0.0, 0.08, 1.88]",2411.5,2475.8,7.7,[2411.5 2475.8    7.7],11.363258336066968,[1908.1277895  2123.20009594   11.36325834],medium,strong
11,0.0,0.05,0.05,0.01,18.1,3.5,0.01,0.0,0.01,13.0,0.0,0.1,1.62,63.55,"[63.55, 0.0, 0.05, 0.05, 0.01, 18.1, 3.5, 0.01, 0.0, 0.01, 13.0, 0.0, 0.1, 1.62]",2331.1,2397.7,9.3,[2331.1 2397.7    9.3],12.572462397709298,[1814.59665052 2005.05581615   12.5724624 ],medium,strong
12,0.16,0.01,0.01,13.56,0.01,4.7,0.4,0.04,0.01,16.2,0.0,0.04,0.0,64.87,"[64.87, 0.16, 0.01, 0.01, 13.56, 0.01, 4.7, 0.4, 0.04, 0.01, 16.2, 0.0, 0.04, 0.0]",1274.7,1949.9,12.0,[1274.7 1949.9   12. ],12.976389937865806,[1388.43068004 1929.08786307   12.97638994],strong,strong
13,0.0,0.05,0.05,0.01,18.0,3.6,0.5,0.0,0.01,12.0,0.0,0.02,1.9,63.81,"[63.81, 0.0, 0.05, 0.05, 0.01, 18.0, 3.6, 0.5, 0.0, 0.01, 12.0, 0.0, 0.02, 1.9]",2402.3,2468.9,8.3,[2402.3 2468.9    8.3],10.877369167954868,[1893.21636688 2094.6850159    10.87736917],medium,strong
14,0.16,0.01,0.01,14.24,0.01,7.15,0.41,0.03,0.01,13.6,0.0,0.04,0.0,64.36,"[64.36, 0.16, 0.01, 0.01, 14.24, 0.01, 7.15, 0.41, 0.03, 0.01, 13.6, 0.0, 0.04, 0.0]",1460.7,2197.9,4.0,[1460.7 2197.9    4. ],12.789881594090668,[1314.42554727 1855.78848688   12.78988159],fragile,strong
15,0.2,0.01,0.01,14.13,0.92,1.99,0.01,0.0,0.08,17.0,0.0,0.03,0.0,65.6,"[65.6, 0.2, 0.01, 0.01, 14.13, 0.92, 1.99, 0.01, 0.0, 0.08, 17.0, 0.0, 0.03, 0.0]",1243.4,1792.3,20.8,[1243.4 1792.3   20.8],15.970450364074583,[1434.39142369 1868.40635632   15.97045036],strong,strong
16,0.02,0.05,0.05,0.01,17.0,4.07,0.69,0.0,0.01,12.3,0.0,0.16,1.58,64.02,"[64.02, 0.02, 0.05, 0.05, 0.01, 17.0, 4.07, 0.69, 0.0, 0.01, 12.3, 0.0, 0.16, 1.58]",,2436.8,9.7,[   nan 2436.8    9.7],10.881243152345899,[1857.18812901 2062.11873475   10.88124315],medium,strong
17,0.16,0.01,0.67,14.5,0.01,5.09,0.41,0.02,0.01,13.41,0.0,0.04,0.0,65.66,"[65.66, 0.16, 0.01, 0.67, 14.5, 0.01, 5.09, 0.41, 0.02, 0.01, 13.41, 0.0, 0.04, 0.0]",1412.5,2129.0,4.0,[1412.5 2129.     4. ],12.805191812782658,[1333.98511383 1849.03726519   12.80519181],fragile,strong
18,0.01,0.01,0.01,0.01,15.0,6.02,0.01,0.0,0.01,14.8,0.0,0.03,0.62,63.49,"[63.49, 0.01, 0.01, 0.01, 0.01, 15.0, 6.02, 0.01, 0.0, 0.01, 14.8, 0.0, 0.03, 0.62]",1603.3,1751.6,10.3,[1603.3 1751.6   10.3],15.767400013518186,[1451.7806235  1667.40299829   15.76740001],strong,strong
19,0.01,0.01,1.93,15.6,4.1,0.02,0.01,0.0,0.01,10.5,0.0,0.03,0.06,67.68,"[67.68, 0.01, 0.01, 1.93, 15.6, 4.1, 0.02, 0.01, 0.0, 0.01, 10.5, 0.0, 0.03, 0.06]",1185.1,1453.8,18.0,[1185.1 1453.8   18. ],17.026795280283046,[1142.36475904 1460.47018091   17.02679528],strong,strong
20,0.01,0.05,0.05,0.01,17.5,4.15,0.01,0.0,0.01,11.5,0.0,0.62,1.48,64.67,"[64.67, 0.01, 0.05, 0.05, 0.01, 17.5, 4.15, 0.01, 0.0, 0.01, 11.5, 0.0, 0.62, 1.48]",2510.3,2570.0,7.7,[2510.3 2570.     7.7],11.225008549723139,[1894.64006564 2060.47360758   11.22500855],medium,strong
21,0.01,0.05,0.05,0.01,17.2,3.95,0.01,0.0,0.01,12.2,0.0,0.23,1.78,64.48,"[64.48, 0.01, 0.05, 0.05, 0.01, 17.2, 3.95, 0.01, 0.0, 0.01, 12.2, 0.0, 0.23, 1.78]",2372.4,2441.3,8.7,[2372.4 2441.3    8.7],11.139153119488792,[1895.74302501 2099.45013143   11.13915312],medium,strong
22,0.07,0.01,0.01,15.54,0.01,4.99,0.41,0.03,0.01,13.41,0.0,0.03,0.0,65.46,"[65.46, 0.07, 0.01, 0.01, 15.54, 0.01, 4.99, 0.41, 0.03, 0.01, 13.41, 0.0, 0.03, 0.0]",1312.6,2011.9,11.5,[1312.6 2011.9   11.5],15.50077507074743,[1185.26328837 1643.16866656   15.50077507],strong,strong
23,0.16,0.56,0.01,14.46,0.01,5.12,0.41,0.03,0.01,13.41,0.0,0.05,0.0,65.78,"[65.78, 0.16, 0.56, 0.01, 14.46, 0.01, 5.12, 0.41, 0.03, 0.01, 13.41, 0.0, 0.05, 0.0]",1350.4,2039.4,12.0,[1350.4 2039.4   12. ],13.075029860994965,[1338.18643168 1849.08726352   13.07502986],strong,strong
24,0.16,0.01,0.03,13.99,1.09,4.95,0.01,0.0,0.27,13.94,0.0,0.03,0.0,65.53,"[65.53, 0.16, 0.01, 0.03, 13.99, 1.09, 4.95, 0.01, 0.0, 0.27, 13.94, 0.0, 0.03, 0.0]",1169.4,1603.4,21.8,[1169.4 1603.4   21.8],15.869978245066472,[1291.64053775 1729.01778976   15.86997825],strong,strong
25,0.2,0.01,0.51,12.51,0.95,1.97,0.01,0.0,0.08,17.06,0.0,0.03,0.0,66.66,"[66.66, 0.2, 0.01, 0.51, 12.51, 0.95, 1.97, 0.01, 0.0, 0.08, 17.06, 0.0, 0.03, 0.0]",1322.1,1770.7,17.8,[1322.1 1770.7   17.8],14.928568882445349,[1451.34466526 1896.25122499   14.92856888],strong,strong
26,0.01,0.01,0.01,11.14,8.0,4.99,0.01,0.0,0.01,8.62,0.0,1.22,0.01,65.94,"[65.94, 0.01, 0.01, 0.01, 11.14, 8.0, 4.99, 0.01, 0.0, 0.01, 8.62, 0.0, 1.22, 0.01]",1870.6,1970.6,11.5,[1870.6 1970.6   11.5],15.694009351828045,[1393.37368868 1574.53690368   15.69400935],strong,strong
27,0.01,0.01,0.01,0.01,15.1,5.1,0.01,0.0,0.01,15.3,0.0,0.03,0.2,64.24,"[64.24, 0.01, 0.01, 0.01, 0.01, 15.1, 5.1, 0.01, 0.0, 0.01, 15.3, 0.0, 0.03, 0.2]",1580.0,1675.6,13.6,[1580.  1675.6   13.6],17.69420774094834,[1333.23099178 1511.27771714   17.69420774],strong,strong
28,0.15,0.01,0.01,14.48,0.01,5.06,0.46,0.15,0.01,13.49,0.0,0.05,0.0,66.09,"[66.09, 0.15, 0.01, 0.01, 14.48, 0.01, 5.06, 0.46, 0.15, 0.01, 13.49, 0.0, 0.05, 0.0]",1164.4,2032.6,4.0,[1164.4 2032.6    4. ],6.3887128865502145,[1446.24149847 2220.88246404    6.38871289],fragile,medium
29,0.16,0.01,0.01,14.34,0.01,5.09,0.87,0.04,0.01,13.45,0.0,0.05,0.0,65.97,"[65.97, 0.16, 0.01, 0.01, 14.34, 0.01, 5.09, 0.87, 0.04, 0.01, 13.45, 0.0, 0.05, 0.0]",1550.3,2122.1,12.0,[1550.3 2122.1   12. ],12.064573124787161,[1371.95272743 1896.28937189   12.06457312],strong,strong
30,0.01,0.05,0.05,0.01,17.5,3.9,0.01,0.0,0.01,11.8,0.0,0.17,1.54,64.94,"[64.94, 0.01, 0.05, 0.05, 0.01, 17.5, 3.9, 0.01, 0.0, 0.01, 11.8, 0.0, 0.17, 1.54]",2381.6,2436.8,9.3,[2381.6 2436.8    9.3],12.2348747381665,[1800.02913265 1984.8537502    12.23487474],medium,strong
31,0.21,0.01,0.01,14.6,0.01,5.02,0.41,0.02,0.01,13.48,0.0,0.05,0.0,66.15,"[66.15, 0.21, 0.01, 0.01, 14.6, 0.01, 5.02, 0.41, 0.02, 0.01, 13.48, 0.0, 0.05, 0.0]",1405.6,2122.1,12.0,[1405.6 2122.1   12. ],12.840715975791326,[1409.71856522 1918.61814918   12.84071598],strong,strong
32,0.21,0.01,0.01,14.58,0.01,5.02,0.46,0.02,0.01,13.45,0.0,0.05,0.0,66.19,"[66.19, 0.21, 0.01, 0.01, 14.58, 0.01, 5.02, 0.46, 0.02, 0.01, 13.45, 0.0, 0.05, 0.0]",1529.6,2108.3,12.0,[1529.6 2108.3   12. ],12.772601156259022,[1412.22032028 1920.58702701   12.77260116],strong,strong
33,0.01,0.01,0.01,10.96,7.97,5.0,0.01,0.0,0.01,8.55,0.0,1.21,0.01,66.24,"[66.24, 0.01, 0.01, 0.01, 10.96, 7.97, 5.0, 0.01, 0.0, 0.01, 8.55, 0.0, 1.21, 0.01]",,1953.3,11.0,[   nan 1953.3   11. ],15.690478007382303,[1390.89126692 1570.05502479   15.69047801],strong,strong
34,0.21,0.43,0.5,12.53,1.18,2.06,0.01,0.0,0.01,15.91,0.0,0.03,0.0,67.13,"[67.13, 0.21, 0.43, 0.5, 12.53, 1.18, 2.06, 0.01, 0.0, 0.01, 15.91, 0.0, 0.03, 0.0]",1352.2,1839.4,19.0,[1352.2 1839.4   19. ],14.42746555939567,[1457.42578693 1899.86288017   14.42746556],strong,strong
35,0.0,0.01,0.01,10.97,7.99,4.98,0.01,0.0,0.01,8.51,0.0,1.19,0.02,66.27,"[66.27, 0.0, 0.01, 0.01, 10.97, 7.99, 4.98, 0.01, 0.0, 0.01, 8.51, 0.0, 1.19, 0.02]",1837.9,1949.8,12.5,[1837.9 1949.8   12.5],15.924516405768564,[1372.57751347 1546.34400136   15.92451641],strong,strong
36,0.07,0.57,0.32,11.76,0.01,6.32,0.01,0.05,0.01,15.2,0.0,0.03,0.0,65.62,"[65.62, 0.07, 0.57, 0.32, 11.76, 0.01, 6.32, 0.01, 0.05, 0.01, 15.2, 0.0, 0.03, 0.0]",1133.4,1931.2,13.4,[1133.4 1931.2   13.4],13.43777197461309,[1215.80310472 1753.28196788   13.43777197],strong,strong
37,0.2,0.01,0.03,14.09,0.01,1.98,0.01,0.0,0.08,16.62,0.0,0.03,0.0,66.99,"[66.99, 0.2, 0.01, 0.03, 14.09, 0.01, 1.98, 0.01, 0.0, 0.08, 16.62, 0.0, 0.03, 0.0]",1358.2,1841.4,13.8,[1358.2 1841.4   13.8],15.847724251019292,[1424.78503528 1857.94804301   15.84772425],strong,strong
38,0.21,0.01,1.99,12.58,0.94,1.98,0.01,0.0,0.08,13.88,0.0,0.03,0.0,68.3,"[68.3, 0.21, 0.01, 1.99, 12.58, 0.94, 1.98, 0.01, 0.0, 0.08, 13.88, 0.0, 0.03, 0.0]",1354.2,1769.8,19.1,[1354.2 1769.8   19.1],11.937612152743569,[1447.7295538  1943.37373372   11.93761215],strong,strong
39,0.09,0.66,0.27,12.28,0.01,0.02,0.01,0.03,0.01,14.8,8.0,0.03,0.0,63.84,"[63.84, 0.09, 0.66, 0.27, 12.28, 0.01, 0.02, 0.01, 0.03, 0.01, 14.8, 8.0, 0.03, 0.0]",1081.1,1678.6,5.8,[1081.1 1678.6    5.8],8.37318912868346,[1253.79735679 1742.0467182     8.37318913],medium,medium
40,0.12,0.01,0.01,14.52,0.01,5.09,0.43,0.03,0.01,13.46,0.0,0.03,0.0,66.25,"[66.25, 0.12, 0.01, 0.01, 14.52, 0.01, 5.09, 0.43, 0.03, 0.01, 13.46, 0.0, 0.03, 0.0]",1515.8,2101.5,6.0,[1515.8 2101.5    6. ],14.221431934696813,[1271.28236789 1750.98261598   14.22143193],medium,strong
41,0.17,0.01,0.01,14.26,0.01,5.09,0.41,0.03,0.01,13.64,0.0,0.03,0.0,66.28,"[66.28, 0.17, 0.01, 0.01, 14.26, 0.01, 5.09, 0.41, 0.03, 0.01, 13.64, 0.0, 0.03, 0.0]",1502.0,2094.6,11.0,[1502.  2094.6   11. ],13.128350694597225,[1353.38626889 1862.2087956    13.12835069],strong,strong
42,0.01,0.05,0.05,0.01,14.7,1.5,0.01,0.0,0.01,15.3,0.0,0.76,1.16,66.42,"[66.42, 0.01, 0.05, 0.05, 0.01, 14.7, 1.5, 0.01, 0.0, 0.01, 15.3, 0.0, 0.76, 1.16]",2157.3,2239.3,8.5,[2157.3 2239.3    8.5],12.884340571549991,[1883.13613472 2027.16441944   12.88434057],medium,strong
43,0.04,0.55,0.27,12.29,0.01,5.85,0.01,0.03,0.01,15.0,0.0,0.03,0.0,65.91,"[65.91, 0.04, 0.55, 0.27, 12.29, 0.01, 5.85, 0.01, 0.03, 0.01, 15.0, 0.0, 0.03, 0.0]",1287.4,1891.1,11.0,[1287.4 1891.1   11. ],15.550991382339284,[1148.3459956  1612.60225105   15.55099138],strong,strong
44,0.08,0.01,0.01,14.48,0.01,4.99,0.46,0.07,0.01,13.56,0.0,0.03,0.0,66.32,"[66.32, 0.08, 0.01, 0.01, 14.48, 0.01, 4.99, 0.46, 0.07, 0.01, 13.56, 0.0, 0.03, 0.0]",1311.4,2016.5,13.3,[1311.4 2016.5   13.3],12.737361535696087,[1252.0975635  1799.67565788   12.73736154],strong,strong
45,0.2,0.51,0.52,12.66,1.02,1.99,0.01,0.0,0.01,15.56,0.0,0.03,0.0,67.47,"[67.47, 0.2, 0.51, 0.52, 12.66, 1.02, 1.99, 0.01, 0.0, 0.01, 15.56, 0.0, 0.03, 0.0]",1245.4,1754.6,18.5,[1245.4 1754.6   18.5],14.570757324475654,[1436.35047833 1871.71419613   14.57075732],strong,strong
46,0.1,0.51,0.32,12.0,0.01,6.3,0.01,0.04,0.01,14.6,0.0,0.03,0.0,66.06,"[66.06, 0.1, 0.51, 0.32, 12.0, 0.01, 6.3, 0.01, 0.04, 0.01, 14.6, 0.0, 0.03, 0.0]",1155.0,1848.0,13.4,[1155.  1848.    13.4],13.384421691976044,[1245.9111086  1772.15289535   13.38442169],strong,strong
47,0.12,0.01,0.01,14.4,0.01,4.99,0.41,0.03,0.01,13.45,0.0,0.05,0.0,66.5,"[66.5, 0.12, 0.01, 0.01, 14.4, 0.01, 4.99, 0.41, 0.03, 0.01, 13.45, 0.0, 0.05, 0.0]",1322.9,1984.3,16.0,[1322.9 1984.3   16. ],14.211720384968642,[1277.80031899 1753.46601859   14.21172038],strong,strong
48,0.01,0.01,0.01,0.01,14.8,2.5,0.01,0.0,0.01,15.0,0.0,0.03,1.8,65.83,"[65.83, 0.01, 0.01, 0.01, 0.01, 14.8, 2.5, 0.01, 0.0, 0.01, 15.0, 0.0, 0.03, 1.8]",1571.2,1701.7,10.6,[1571.2 1701.7   10.6],12.096636583502537,[1881.48508089 2103.69790222   12.09663658],strong,strong
49,0.01,0.01,0.01,0.01,18.5,4.8,0.43,0.0,0.01,8.7,0.0,0.95,0.72,65.84,"[65.84, 0.01, 0.01, 0.01, 0.01, 18.5, 4.8, 0.43, 0.0, 0.01, 8.7, 0.0, 0.95, 0.72]",1288.4,1453.8,20.0,[1288.4 1453.8   20. ],12.492037764028401,[1720.93049776 1802.94341801   12.49203776],strong,strong
50,0.02,0.01,1.86,15.9,4.0,0.02,0.01,0.0,0.01,9.2,0.0,0.02,0.05,68.89,"[68.89, 0.02, 0.01, 1.86, 15.9, 4.0, 0.02, 0.01, 0.0, 0.01, 9.2, 0.0, 0.02, 0.05]",1143.7,1350.4,17.0,[1143.7 1350.4   17. ],16.922555334765978,[1134.61929918 1442.95596864   16.92255533],strong,strong
51,0.16,0.01,0.01,14.36,0.01,5.15,0.01,0.03,0.01,13.45,0.0,0.07,0.0,66.7,"[66.7, 0.16, 0.01, 0.01, 14.36, 0.01, 5.15, 0.01, 0.03, 0.01, 13.45, 0.0, 0.07, 0.0]",1460.7,2067.0,12.0,[1460.7 2067.    12. ],13.792265089262607,[1326.36474785 1827.37398208   13.79226509],strong,strong
52,0.2,0.51,0.51,12.59,1.03,1.98,0.01,0.0,0.01,15.37,0.0,0.03,0.0,67.71,"[67.71, 0.2, 0.51, 0.51, 12.59, 1.03, 1.98, 0.01, 0.0, 0.01, 15.37, 0.0, 0.03, 0.0]",1300.3,1741.5,17.9,[1300.3 1741.5   17.9],14.561898329780604,[1434.41909695 1866.11509734   14.56189833],strong,strong
53,0.24,0.01,0.01,8.9,8.7,1.5,0.28,0.0,0.01,13.0,0.0,0.03,0.02,67.33,"[67.33, 0.24, 0.01, 0.01, 8.9, 8.7, 1.5, 0.28, 0.0, 0.01, 13.0, 0.0, 0.03, 0.02]",1309.1,1757.0,14.3,[1309.1 1757.    14.3],14.351728371768893,[1571.29782938 1892.31438581   14.35172837],strong,strong
54,0.15,0.01,0.01,14.5,0.01,5.0,0.01,0.0,0.01,13.5,0.0,0.05,0.0,66.81,"[66.81, 0.15, 0.01, 0.01, 14.5, 0.01, 5.0, 0.01, 0.0, 0.01, 13.5, 0.0, 0.05, 0.0]",1338.0,1792.7,14.1,[1338.  1792.7   14.1],15.911983535992968,[1277.76214018 1703.02547462   15.91198354],strong,strong
55,0.01,0.01,0.01,0.01,18.5,4.7,0.01,0.0,0.01,8.8,0.0,1.02,0.71,66.19,"[66.19, 0.01, 0.01, 0.01, 0.01, 18.5, 4.7, 0.01, 0.0, 0.01, 8.8, 0.0, 1.02, 0.71]",1309.1,1495.1,19.0,[1309.1 1495.1   19. ],12.972746867692813,[1719.26745812 1796.95633923   12.97274687],strong,strong
56,0.01,0.01,0.01,0.01,14.9,3.15,0.01,0.0,0.01,15.3,0.0,0.03,0.7,65.85,"[65.85, 0.01, 0.01, 0.01, 0.01, 14.9, 3.15, 0.01, 0.0, 0.01, 15.3, 0.0, 0.03, 0.7]",1669.3,1726.8,10.8,[1669.3 1726.8   10.8],16.23666108999641,[1518.93336409 1690.40335906   16.23666109],strong,strong
57,0.2,0.01,1.5,12.63,0.94,1.98,0.01,0.0,0.08,13.83,0.0,0.03,0.0,68.76,"[68.76, 0.2, 0.01, 1.5, 12.63, 0.94, 1.98, 0.01, 0.0, 0.08, 13.83, 0.0, 0.03, 0.0]",1382.2,1764.8,18.5,[1382.2 1764.8   18.5],12.988809078446405,[1424.97272771 1887.92209537   12.98880908],strong,strong
58,0.01,0.01,0.01,8.14,11.95,0.02,0.01,0.0,0.01,10.48,0.0,0.39,1.11,67.84,"[67.84, 0.01, 0.01, 0.01, 8.14, 11.95, 0.02, 0.01, 0.0, 0.01, 10.48, 0.0, 0.39, 1.11]",1768.0,1828.6,,[1768.  1828.6    nan],14.93732056713834,[1661.850083   1822.02393953   14.93732057],,strong
59,0.09,0.63,0.37,12.3,0.01,3.97,0.01,0.04,0.01,15.2,0.0,0.03,0.0,67.34,"[67.34, 0.09, 0.63, 0.37, 12.3, 0.01, 3.97, 0.01, 0.04, 0.01, 15.2, 0.0, 0.03, 0.0]",1131.9,1595.4,13.4,[1131.9 1595.4   13.4],14.167864554690551,[1264.98998083 1755.19731258   14.16786455],strong,strong
60,0.15,0.01,0.01,14.13,0.14,4.8,0.21,0.0,0.01,13.33,0.0,0.03,0.0,67.18,"[67.18, 0.15, 0.01, 0.01, 14.13, 0.14, 4.8, 0.21, 0.0, 0.01, 13.33, 0.0, 0.03, 0.0]",1341.7,1745.5,18.5,[1341.7 1745.5   18.5],15.674226174820951,[1284.90314351 1701.08554442   15.67422617],strong,strong
61,0.0,0.01,0.01,11.85,10.25,1.47,0.01,0.0,0.01,7.48,0.0,0.43,0.56,67.96,"[67.96, 0.0, 0.01, 0.01, 11.85, 10.25, 1.47, 0.01, 0.0, 0.01, 7.48, 0.0, 0.43, 0.56]",1586.7,1671.3,,[1586.7 1671.3    nan],16.922447010266303,[1390.49676639 1546.8816848    16.92244701],,strong
62,0.0,0.01,0.01,10.09,6.98,5.48,0.01,0.01,0.01,10.96,0.0,0.03,0.0,66.43,"[66.43, 0.0, 0.01, 0.01, 10.09, 6.98, 5.48, 0.01, 0.01, 0.01, 10.96, 0.0, 0.03, 0.0]",1373.9,1640.2,11.4,[1373.9 1640.2   11.4],18.306424850050643,[1086.59912927 1357.6768345    18.30642485],strong,strong
63,0.01,0.01,0.01,0.01,18.5,4.9,0.39,0.0,0.01,8.7,0.0,0.51,0.65,66.29,"[66.29, 0.01, 0.01, 0.01, 0.01, 18.5, 4.9, 0.39, 0.0, 0.01, 8.7, 0.0, 0.51, 0.65]",1164.4,1371.1,22.0,[1164.4 1371.1   22. ],13.935121771709756,[1577.7026396  1673.66156844   13.93512177],strong,strong
64,0.16,0.01,0.01,14.36,0.01,3.01,0.97,0.03,0.01,13.33,0.0,0.05,0.0,68.11,"[68.11, 0.16, 0.01, 0.01, 14.36, 0.01, 3.01, 0.97, 0.03, 0.01, 13.33, 0.0, 0.05, 0.0]",1240.2,1598.5,14.0,[1240.2 1598.5   14. ],13.062296207245522,[1392.09659919 1852.14599167   13.06229621],strong,strong
65,0.19,0.46,0.49,12.67,0.95,1.49,0.01,0.0,0.01,15.1,0.0,0.03,0.0,68.61,"[68.61, 0.19, 0.46, 0.49, 12.67, 0.95, 1.49, 0.01, 0.0, 0.01, 15.1, 0.0, 0.03, 0.0]",1250.8,1737.4,18.1,[1250.8 1737.4   18.1],14.958662074472723,[1421.08918747 1833.46577198   14.95866207],strong,strong
66,0.11,0.01,0.01,9.2,3.7,2.0,0.5,0.0,0.01,16.7,0.0,0.03,0.03,67.73,"[67.73, 0.11, 0.01, 0.01, 9.2, 3.7, 2.0, 0.5, 0.0, 0.01, 16.7, 0.0, 0.03, 0.03]",1453.8,1701.8,17.0,[1453.8 1701.8   17. ],16.689441452463562,[1374.82133542 1691.96410219   16.68944145],strong,strong
67,0.19,0.02,0.49,12.54,0.96,1.49,0.46,0.0,0.01,15.1,0.0,0.03,0.0,68.69,"[68.69, 0.19, 0.02, 0.49, 12.54, 0.96, 1.49, 0.46, 0.0, 0.01, 15.1, 0.0, 0.03, 0.0]",1241.0,1719.7,18.5,[1241.  1719.7   18.5],14.489549615070521,[1443.2254074  1847.58656466   14.48954962],strong,strong
68,0.2,0.01,0.51,12.51,0.95,1.98,0.01,0.0,0.08,15.16,0.0,0.03,0.0,68.53,"[68.53, 0.2, 0.01, 0.51, 12.51, 0.95, 1.98, 0.01, 0.0, 0.08, 15.16, 0.0, 0.03, 0.0]",1314.2,1775.6,15.3,[1314.2 1775.6   15.3],14.770336245546874,[1429.57350622 1852.68899465   14.77033625],strong,strong
69,0.15,0.01,0.01,14.36,0.01,5.09,0.41,0.03,0.01,12.23,0.0,0.04,0.0,67.63,"[67.63, 0.15, 0.01, 0.01, 14.36, 0.01, 5.09, 0.41, 0.03, 0.01, 12.23, 0.0, 0.04, 0.0]",1471.0,1939.6,12.5,[1471.  1939.6   12.5],13.447250420247501,[1307.99527295 1789.24704471   13.44725042],strong,strong
70,0.16,0.01,0.01,14.4,0.01,5.28,0.41,0.13,0.01,11.74,0.0,0.04,0.0,67.8,"[67.8, 0.16, 0.01, 0.01, 14.4, 0.01, 5.28, 0.41, 0.13, 0.01, 11.74, 0.0, 0.04, 0.0]",1646.7,2149.7,10.0,[1646.7 2149.7   10. ],7.243258706624685,[1415.52567881 2133.15031986    7.24325871],medium,medium
71,0.2,0.02,0.49,12.55,0.94,1.97,0.01,0.0,0.02,15.08,0.0,0.03,0.0,68.7,"[68.7, 0.2, 0.02, 0.49, 12.55, 0.94, 1.97, 0.01, 0.0, 0.02, 15.08, 0.0, 0.03, 0.0]",1258.6,1738.3,16.9,[1258.6 1738.3   16.9],14.783960604782969,[1431.65601363 1851.04700704   14.7839606 ],strong,strong
72,0.15,0.01,0.01,14.36,0.01,3.04,0.41,0.03,0.01,13.64,0.0,0.03,0.0,68.23,"[68.23, 0.15, 0.01, 0.01, 14.36, 0.01, 3.04, 0.41, 0.03, 0.01, 13.64, 0.0, 0.03, 0.0]",1233.3,1612.3,14.0,[1233.3 1612.3   14. ],14.115464293963367,[1346.80086811 1805.4003792    14.11546429],strong,strong
73,0.17,0.01,0.01,14.48,0.01,5.22,0.41,0.12,0.01,11.41,0.0,0.13,0.0,68.02,"[68.02, 0.17, 0.01, 0.01, 14.48, 0.01, 5.22, 0.41, 0.12, 0.01, 11.41, 0.0, 0.13, 0.0]",1536.5,2135.9,10.0,[1536.5 2135.9   10. ],7.37979837574775,[1442.02584555 2134.8993995     7.37979838],medium,medium
74,0.2,0.01,1.0,12.6,0.94,1.98,0.21,0.0,0.08,13.77,0.0,0.03,0.0,69.17,"[69.17, 0.2, 0.01, 1.0, 12.6, 0.94, 1.98, 0.21, 0.0, 0.08, 13.77, 0.0, 0.03, 0.0]",1344.4,1736.9,17.8,[1344.4 1736.9   17.8],13.555732120395827,[1428.24283392 1863.09828059   13.55573212],strong,strong
75,0.19,0.01,0.49,12.53,0.96,1.48,0.33,0.0,0.01,14.95,0.0,0.03,0.0,68.96,"[68.96, 0.19, 0.01, 0.49, 12.53, 0.96, 1.48, 0.33, 0.0, 0.01, 14.95, 0.0, 0.03, 0.0]",1218.4,1738.3,19.3,[1218.4 1738.3   19.3],14.658842784466584,[1435.33442913 1837.41400787   14.65884278],strong,strong
76,0.22,0.01,1.01,12.61,0.94,1.98,0.01,0.0,0.08,13.78,0.0,0.03,0.0,69.32,"[69.32, 0.22, 0.01, 1.01, 12.61, 0.94, 1.98, 0.01, 0.0, 0.08, 13.78, 0.0, 0.03, 0.0]",1383.7,1773.6,16.2,[1383.7 1773.6   16.2],13.382200532460462,[1451.0191798  1898.34118597   13.38220053],strong,strong
77,0.24,0.01,0.01,8.9,7.4,1.7,0.28,0.0,0.01,13.0,0.0,0.03,0.03,68.42,"[68.42, 0.24, 0.01, 0.01, 8.9, 7.4, 1.7, 0.28, 0.0, 0.01, 13.0, 0.0, 0.03, 0.03]",1550.3,1940.7,14.3,[1550.3 1940.7   14.3],14.162753665158887,[1562.5257747  1892.41982162   14.16275367],strong,strong
78,0.25,0.01,0.01,14.09,0.93,2.0,0.01,0.0,0.08,13.88,0.0,0.03,0.0,68.71,"[68.71, 0.25, 0.01, 0.01, 14.09, 0.93, 2.0, 0.01, 0.0, 0.08, 13.88, 0.0, 0.03, 0.0]",1438.6,1826.1,11.0,[1438.6 1826.1   11. ],14.617920988630567,[1479.17568875 1906.50976256   14.61792099],strong,strong
79,0.01,0.01,0.01,8.84,10.81,1.19,0.41,0.0,0.01,9.24,0.0,0.43,0.57,68.48,"[68.48, 0.01, 0.01, 0.01, 8.84, 10.81, 1.19, 0.41, 0.0, 0.01, 9.24, 0.0, 0.43, 0.57]",1755.2,1820.7,,[1755.2 1820.7    nan],15.975344787575839,[1473.95684707 1619.56451225   15.97534479],,strong
80,0.01,0.04,0.04,9.9,6.99,2.75,0.0,0.0,0.0,8.02,2.43,1.8,0.0,68.03,"[68.03, 0.01, 0.04, 0.04, 9.9, 6.99, 2.75, 0.0, 0.0, 0.0, 8.02, 2.43, 1.8, 0.0]",1680.6,1768.7,6.5,[1680.6 1768.7    6.5],12.197593895902024,[1553.44429982 1687.54943756   12.1975939 ],medium,strong
81,0.01,0.01,0.01,0.01,14.6,3.1,0.01,0.0,0.01,15.4,0.0,0.03,0.12,66.7,"[66.7, 0.01, 0.01, 0.01, 0.01, 14.6, 3.1, 0.01, 0.0, 0.01, 15.4, 0.0, 0.03, 0.12]",1267.1,1331.5,15.8,[1267.1 1331.5   15.8],18.49797272819788,[1329.90291538 1467.58018046   18.49797273],strong,strong
82,0.02,0.01,1.82,13.9,5.1,0.02,0.01,0.0,0.01,8.9,0.0,0.02,0.04,70.14,"[70.14, 0.02, 0.01, 1.82, 13.9, 5.1, 0.02, 0.01, 0.0, 0.01, 8.9, 0.0, 0.02, 0.04]",1226.4,1329.8,17.0,[1226.4 1329.8   17. ],16.837947154233103,[1147.9357087  1425.81106578   16.83794715],strong,strong
83,0.01,0.01,0.01,7.74,11.91,0.98,0.01,0.0,0.01,9.95,0.0,0.27,0.71,68.38,"[68.38, 0.01, 0.01, 0.01, 7.74, 11.91, 0.98, 0.01, 0.0, 0.01, 9.95, 0.0, 0.27, 0.71]",1779.7,1856.2,,[1779.7 1856.2    nan],16.460562363534336,[1483.73478824 1632.55568674   16.46056236],,strong
84,0.21,0.01,0.01,14.08,0.93,2.0,0.01,0.0,0.08,13.83,0.0,0.03,0.0,68.8,"[68.8, 0.21, 0.01, 0.01, 14.08, 0.93, 2.0, 0.01, 0.0, 0.08, 13.83, 0.0, 0.03, 0.0]",1372.9,1800.2,16.8,[1372.9 1800.2   16.8],15.490505529631012,[1414.89859346 1817.79592508   15.49050553],strong,strong
85,0.35,0.01,0.01,9.0,1.5,2.0,0.3,0.0,0.01,18.0,0.0,0.03,0.02,68.81,"[68.81, 0.35, 0.01, 0.01, 9.0, 1.5, 2.0, 0.3, 0.0, 0.01, 18.0, 0.0, 0.03, 0.02]",1731.7,2232.4,,[1731.7 2232.4    nan],11.64776599477515,[1744.33621076 2223.76882692   11.64776599],,strong
86,0.0,0.01,0.01,11.11,10.0,1.23,0.01,0.0,0.01,7.51,0.28,0.57,0.59,68.69,"[68.69, 0.0, 0.01, 0.01, 11.11, 10.0, 1.23, 0.01, 0.0, 0.01, 7.51, 0.28, 0.57, 0.59]",1729.4,1817.2,,[1729.4 1817.2    nan],16.12881970945012,[1441.91375222 1587.70546442   16.12881971],,strong
87,0.19,0.01,0.5,12.53,0.95,1.48,0.01,0.0,0.01,15.02,0.0,0.03,0.0,69.27,"[69.27, 0.19, 0.01, 0.5, 12.53, 0.95, 1.48, 0.01, 0.0, 0.01, 15.02, 0.0, 0.03, 0.0]",1311.1,1789.4,16.2,[1311.1 1789.4   16.2],15.107358717476135,[1422.02180804 1825.16864532   15.10735872],strong,strong
88,0.01,0.01,0.01,10.12,7.01,5.48,0.01,0.0,0.01,10.05,0.0,0.03,0.0,67.28,"[67.28, 0.01, 0.01, 0.01, 10.12, 7.01, 5.48, 0.01, 0.0, 0.01, 10.05, 0.0, 0.03, 0.0]",1486.2,1700.3,14.6,[1486.2 1700.3   14.6],18.610055452308988,[1082.32216048 1325.80411697   18.61005545],strong,strong
89,0.04,0.01,0.01,0.01,18.8,6.0,0.01,0.0,0.01,8.0,0.0,0.16,0.42,66.54,"[66.54, 0.04, 0.01, 0.01, 0.01, 18.8, 6.0, 0.01, 0.0, 0.01, 8.0, 0.0, 0.16, 0.42]",1012.8,1198.9,6.0,[1012.8 1198.9    6. ],15.294050196861399,[1420.23574654 1544.743219     15.2940502 ],medium,strong
90,0.15,0.01,0.01,14.01,0.93,1.99,0.01,0.0,0.08,13.76,0.0,0.03,0.0,69.07,"[69.07, 0.15, 0.01, 0.01, 14.01, 0.93, 1.99, 0.01, 0.0, 0.08, 13.76, 0.0, 0.03, 0.0]",1278.2,1610.8,17.7,[1278.2 1610.8   17.7],16.80885852716822,[1319.77666101 1685.27449574   16.80885853],strong,strong
91,0.17,0.01,0.78,12.54,0.95,1.99,0.01,0.0,0.08,13.99,0.0,0.03,0.0,69.42,"[69.42, 0.17, 0.01, 0.78, 12.54, 0.95, 1.99, 0.01, 0.0, 0.08, 13.99, 0.0, 0.03, 0.0]",1368.5,1727.5,17.3,[1368.5 1727.5   17.3],14.876810293684706,[1371.36524044 1778.33229621   14.87681029],strong,strong
92,0.21,0.01,0.56,12.54,0.99,1.97,0.34,0.0,0.08,13.76,0.0,0.03,0.0,69.52,"[69.52, 0.21, 0.01, 0.56, 12.54, 0.99, 1.97, 0.34, 0.0, 0.08, 13.76, 0.0, 0.03, 0.0]",1280.7,1772.2,12.5,[1280.7 1772.2   12.5],13.905439732112447,[1446.12464681 1861.94486464   13.90543973],strong,strong
93,0.18,0.11,0.09,0.01,17.8,0.02,4.32,0.0,0.01,8.06,0.0,0.11,0.08,69.23,"[69.23, 0.18, 0.11, 0.09, 0.01, 17.8, 0.02, 4.32, 0.0, 0.01, 8.06, 0.0, 0.11, 0.08]",1605.4,1639.8,13.0,[1605.4 1639.8   13. ],8.931034013056543,[1788.12217521 1876.15667501    8.93103401],strong,medium
94,0.21,0.01,0.73,12.51,0.94,1.98,0.01,0.0,0.08,13.78,0.0,0.03,0.0,69.72,"[69.72, 0.21, 0.01, 0.73, 12.51, 0.94, 1.98, 0.01, 0.0, 0.08, 13.78, 0.0, 0.03, 0.0]",1369.5,1759.4,,[1369.5 1759.4    nan],14.069165453835911,[1432.64897759 1857.73728565   14.06916545],,strong
95,0.01,0.01,1.72,15.7,4.1,0.02,0.01,0.0,0.01,7.4,0.0,0.02,0.04,70.94,"[70.94, 0.01, 0.01, 1.72, 15.7, 4.1, 0.02, 0.01, 0.0, 0.01, 7.4, 0.0, 0.02, 0.04]",1205.8,1281.5,16.0,[1205.8 1281.5   16. ],17.256952102591033,[1095.41392271 1366.35640099   17.2569521 ],strong,strong
96,0.19,0.01,0.73,12.47,0.95,1.97,0.01,0.0,0.08,13.78,0.0,0.03,0.0,69.76,"[69.76, 0.19, 0.01, 0.73, 12.47, 0.95, 1.97, 0.01, 0.0, 0.08, 13.78, 0.0, 0.03, 0.0]",1275.3,1741.8,17.6,[1275.3 1741.8   17.6],14.503787373736785,[1401.05551874 1813.64029442   14.50378737],strong,strong
97,0.22,0.01,0.01,8.49,4.6,1.5,0.28,0.0,0.01,15.3,0.5,0.03,0.03,69.0,"[69.0, 0.22, 0.01, 0.01, 8.49, 4.6, 1.5, 0.28, 0.0, 0.01, 15.3, 0.5, 0.03, 0.03]",1575.5,1998.1,14.7,[1575.5 1998.1   14.7],14.096763709389982,[1537.88525651 1890.75341901   14.09676371],strong,strong
98,0.21,0.01,0.5,12.55,0.94,1.98,0.01,0.0,0.08,13.75,0.0,0.03,0.0,69.89,"[69.89, 0.21, 0.01, 0.5, 12.55, 0.94, 1.98, 0.01, 0.0, 0.08, 13.75, 0.0, 0.03, 0.0]",1369.5,1767.4,17.7,[1369.5 1767.4   17.7],14.455359440439356,[1428.94252652 1841.5860009    14.45535944],strong,strong
99,0.23,0.01,0.52,12.47,0.95,1.97,0.01,0.0,0.08,13.78,0.0,0.03,0.0,69.93,"[69.93, 0.23, 0.01, 0.52, 12.47, 0.95, 1.97, 0.01, 0.0, 0.08, 13.78, 0.0, 0.03, 0.0]",1359.7,1809.9,7.3,[1359.7 1809.9    7.3],13.982521247781184,[1462.34724585 1887.24590433   13.98252125],medium,strong
100,0.03,0.01,0.01,0.01,18.4,4.9,0.01,0.0,0.01,7.0,0.0,0.15,1.77,67.7,"[67.7, 0.03, 0.01, 0.01, 0.01, 18.4, 4.9, 0.01, 0.0, 0.01, 7.0, 0.0, 0.15, 1.77]",1233.3,1378.0,24.0,[1233.3 1378.    24. ],10.458631218791679,[1840.81365725 2009.8805406    10.45863122],strong,strong
101,0.19,0.01,0.5,12.64,0.98,1.95,0.01,0.0,0.02,13.67,0.0,0.03,0.0,69.98,"[69.98, 0.19, 0.01, 0.5, 12.64, 0.98, 1.95, 0.01, 0.0, 0.02, 13.67, 0.0, 0.03, 0.0]",1376.3,1732.4,17.7,[1376.3 1732.4   17.7],14.892341502459356,[1399.64097795 1797.57162221   14.8923415 ],strong,strong
102,0.2,0.01,0.01,13.82,1.13,0.99,0.01,0.0,0.09,13.74,0.0,0.03,0.0,69.98,"[69.98, 0.2, 0.01, 0.01, 13.82, 1.13, 0.99, 0.01, 0.0, 0.09, 13.74, 0.0, 0.03, 0.0]",1376.7,1809.3,18.0,[1376.7 1809.3   18. ],15.95843977022638,[1413.58393001 1787.09371939   15.95843977],strong,strong
103,0.21,0.01,0.01,14.04,0.01,1.99,0.01,0.0,0.08,13.79,0.0,0.03,0.0,69.85,"[69.85, 0.21, 0.01, 0.01, 14.04, 0.01, 1.99, 0.01, 0.0, 0.08, 13.79, 0.0, 0.03, 0.0]",1348.9,1727.5,9.6,[1348.9 1727.5    9.6],15.42303360345507,[1408.52115453 1813.46554538   15.4230336 ],medium,strong
104,0.21,0.01,0.37,12.59,0.96,1.98,0.01,0.0,0.08,13.75,0.0,0.03,0.0,69.96,"[69.96, 0.21, 0.01, 0.37, 12.59, 0.96, 1.98, 0.01, 0.0, 0.08, 13.75, 0.0, 0.03, 0.0]",1332.7,1774.1,16.8,[1332.7 1774.1   16.8],14.683700838743635,[1427.36705532 1833.2644893    14.68370084],strong,strong
105,0.01,0.01,0.01,0.01,17.0,4.8,0.34,0.0,0.01,8.7,0.0,0.39,0.67,68.06,"[68.06, 0.01, 0.01, 0.01, 0.01, 17.0, 4.8, 0.34, 0.0, 0.01, 8.7, 0.0, 0.39, 0.67]",1287.3,1429.7,19.3,[1287.3 1429.7   19.3],14.15588382856046,[1540.44470816 1645.18811741   14.15588383],strong,strong
106,0.02,0.01,0.01,0.01,14.5,0.92,0.01,0.0,0.01,15.4,0.0,0.03,0.41,68.74,"[68.74, 0.02, 0.01, 0.01, 0.01, 14.5, 0.92, 0.01, 0.0, 0.01, 15.4, 0.0, 0.03, 0.41]",1212.0,1272.2,14.8,[1212.  1272.2   14.8],17.724158819591754,[1467.84156666 1587.38763782   17.72415882],strong,strong
107,0.01,0.05,0.05,0.01,17.4,4.97,0.01,0.0,0.01,7.9,0.0,0.13,1.5,68.0,"[68.0, 0.01, 0.05, 0.05, 0.01, 17.4, 4.97, 0.01, 0.0, 0.01, 7.9, 0.0, 0.13, 1.5]",2356.4,2404.6,,[2356.4 2404.6    nan],11.902645991216072,[1718.50949488 1878.11356334   11.90264599],,strong
108,0.2,0.01,0.3,12.46,0.95,1.97,0.01,0.0,0.08,13.75,0.0,0.03,0.0,70.26,"[70.26, 0.2, 0.01, 0.3, 12.46, 0.95, 1.97, 0.01, 0.0, 0.08, 13.75, 0.0, 0.03, 0.0]",1299.8,1770.2,13.6,[1299.8 1770.2   13.6],15.021104860765984,[1412.23299667 1806.84188499   15.02110486],strong,strong
109,0.16,0.01,0.01,14.26,0.01,4.93,0.46,0.03,0.01,10.55,0.0,0.04,0.0,69.55,"[69.55, 0.16, 0.01, 0.01, 14.26, 0.01, 4.93, 0.46, 0.03, 0.01, 10.55, 0.0, 0.04, 0.0]",1405.6,1894.8,14.0,[1405.6 1894.8   14. ],13.059192401278642,[1310.32778344 1773.99398179   13.0591924 ],strong,strong
110,0.02,0.01,0.01,0.01,14.7,0.02,0.01,0.0,0.01,15.5,0.0,0.03,0.43,69.23,"[69.23, 0.02, 0.01, 0.01, 0.01, 14.7, 0.02, 0.01, 0.0, 0.01, 15.5, 0.0, 0.03, 0.43]",1144.8,1176.2,16.5,[1144.8 1176.2   16.5],17.889607980256837,[1487.46393135 1591.46227419   17.88960798],strong,strong
111,0.2,0.01,0.01,12.39,1.21,2.01,0.01,0.0,0.08,13.82,0.0,0.03,0.0,70.22,"[70.22, 0.2, 0.01, 0.01, 12.39, 1.21, 2.01, 0.01, 0.0, 0.08, 13.82, 0.0, 0.03, 0.0]",1423.8,1818.8,16.5,[1423.8 1818.8   16.5],15.516471777884517,[1411.24908337 1790.04411917   15.51647178],strong,strong
112,0.0,0.01,0.01,14.3,8.3,2.6,0.01,0.0,0.01,4.3,0.0,0.1,0.49,69.9,"[69.9, 0.0, 0.01, 0.01, 14.3, 8.3, 2.6, 0.01, 0.0, 0.01, 4.3, 0.0, 0.1, 0.49]",1350.4,1478.0,,[1350.4 1478.     nan],17.65779102712512,[1199.96123297 1380.93784951   17.65779103],,strong
113,0.0,0.01,0.01,14.3,8.4,2.5,0.01,0.0,0.01,4.3,0.0,0.12,0.47,69.9,"[69.9, 0.0, 0.01, 0.01, 14.3, 8.4, 2.5, 0.01, 0.0, 0.01, 4.3, 0.0, 0.12, 0.47]",1274.7,1347.0,,[1274.7 1347.     nan],17.717614915041594,[1200.78483996 1377.55253703   17.71761492],,strong
114,0.02,0.01,1.93,13.9,6.0,0.02,0.01,0.0,0.01,6.0,0.0,0.03,0.05,72.0,"[72.0, 0.02, 0.01, 1.93, 13.9, 6.0, 0.02, 0.01, 0.0, 0.01, 6.0, 0.0, 0.03, 0.05]",1130.0,1212.6,14.0,[1130.  1212.6   14. ],16.41901742294045,[1128.8450374  1376.31552762   16.41901742],strong,strong
115,0.06,2.09,0.32,16.39,5.14,1.51,0.01,0.0,0.01,2.03,0.0,0.88,0.0,71.55,"[71.55, 0.06, 2.09, 0.32, 16.39, 5.14, 1.51, 0.01, 0.0, 0.01, 2.03, 0.0, 0.88, 0.0]",1237.0,1374.2,9.9,[1237.  1374.2    9.9],14.945461290592554,[1295.46003703 1488.92321747   14.94546129],medium,strong
116,0.19,0.01,0.01,12.61,0.99,1.98,0.01,0.0,0.07,13.79,0.0,0.03,0.0,70.31,"[70.31, 0.19, 0.01, 0.01, 12.61, 0.99, 1.98, 0.01, 0.0, 0.07, 13.79, 0.0, 0.03, 0.0]",1371.4,1730.5,15.6,[1371.4 1730.5   15.6],15.750681256289512,[1393.01160476 1767.58716291   15.75068126],strong,strong
117,0.2,0.01,0.01,11.94,2.48,0.99,0.01,0.0,0.1,13.64,0.0,0.03,0.0,70.55,"[70.55, 0.2, 0.01, 0.01, 11.94, 2.48, 0.99, 0.01, 0.0, 0.1, 13.64, 0.0, 0.03, 0.0]",1273.3,1640.2,18.6,[1273.3 1640.2   18.6],15.811492871233071,[1432.93122715 1781.83482513   15.81149287],strong,strong
118,0.01,0.01,0.01,0.01,15.2,5.1,0.01,0.0,0.01,9.2,0.0,0.9,0.7,68.82,"[68.82, 0.01, 0.01, 0.01, 0.01, 15.2, 5.1, 0.01, 0.0, 0.01, 9.2, 0.0, 0.9, 0.7]",1393.5,1521.4,13.8,[1393.5 1521.4   13.8],13.002185457321454,[1659.36684391 1764.45902947   13.00218546],strong,strong
119,0.01,0.01,0.01,0.01,15.1,5.1,0.01,0.0,0.01,9.2,0.0,0.92,0.7,68.92,"[68.92, 0.01, 0.01, 0.01, 0.01, 15.1, 5.1, 0.01, 0.0, 0.01, 9.2, 0.0, 0.92, 0.7]",1580.1,1719.1,10.2,[1580.1 1719.1   10.2],12.946402924964051,[1664.1754266  1768.85562082   12.94640292],strong,strong
120,0.02,0.01,1.92,15.5,3.9,0.02,0.01,0.0,0.01,6.0,0.0,0.04,0.07,72.51,"[72.51, 0.02, 0.01, 1.92, 15.5, 3.9, 0.02, 0.01, 0.0, 0.01, 6.0, 0.0, 0.04, 0.07]",1109.3,1178.2,12.0,[1109.3 1178.2   12. ],16.38033873818307,[1112.98853144 1384.25455224   16.38033874],strong,strong
121,0.23,0.01,0.36,12.6,0.95,1.97,0.01,0.0,0.08,12.77,0.0,0.03,0.0,70.99,"[70.99, 0.23, 0.01, 0.36, 12.6, 0.95, 1.97, 0.01, 0.0, 0.08, 12.77, 0.0, 0.03, 0.0]",1302.8,1721.7,18.1,[1302.8 1721.7   18.1],14.194547784285794,[1448.53724012 1854.3377582    14.19454778],strong,strong
122,0.25,0.01,0.01,9.0,6.2,1.3,0.29,0.0,0.01,12.2,0.0,0.03,0.03,70.72,"[70.72, 0.25, 0.01, 0.01, 9.0, 6.2, 1.3, 0.29, 0.0, 0.01, 12.2, 0.0, 0.03, 0.03]",1405.6,1798.3,16.0,[1405.6 1798.3   16. ],13.89587568734441,[1565.79794114 1889.79790483   13.89587569],strong,strong
123,0.02,0.01,0.01,0.01,18.6,5.1,0.01,0.0,0.01,6.7,0.0,0.12,0.89,68.57,"[68.57, 0.02, 0.01, 0.01, 0.01, 18.6, 5.1, 0.01, 0.0, 0.01, 6.7, 0.0, 0.12, 0.89]",1088.6,1226.4,21.0,[1088.6 1226.4   21. ],14.131287506610205,[1526.46667407 1637.25474068   14.13128751],strong,strong
124,0.02,0.01,0.01,0.01,18.6,5.1,0.01,0.0,0.01,6.9,0.0,0.12,0.64,68.53,"[68.53, 0.02, 0.01, 0.01, 0.01, 18.6, 5.1, 0.01, 0.0, 0.01, 6.9, 0.0, 0.12, 0.64]",1026.6,1178.2,14.0,[1026.6 1178.2   14. ],15.105052848936197,[1446.41574182 1544.4901536    15.10505285],strong,strong
125,0.24,0.01,0.01,8.9,5.1,1.7,0.29,0.0,0.01,13.0,0.0,0.03,0.03,70.7,"[70.7, 0.24, 0.01, 0.01, 8.9, 5.1, 1.7, 0.29, 0.0, 0.01, 13.0, 0.0, 0.03, 0.03]",1429.7,1925.8,15.5,[1429.7 1925.8   15.5],13.974406613530483,[1546.10587451 1883.85699522   13.97440661],strong,strong
126,0.22,0.01,0.01,3.03,11.17,1.18,0.01,0.0,0.01,13.89,0.0,0.03,0.01,70.39,"[70.39, 0.22, 0.01, 0.01, 3.03, 11.17, 1.18, 0.01, 0.0, 0.01, 13.89, 0.0, 0.03, 0.01]",1810.0,1970.0,12.2,[1810.  1970.    12.2],14.803635449592267,[1591.51924992 1835.55936882   14.80363545],strong,strong
127,0.01,0.01,0.01,0.01,15.3,5.1,0.01,0.0,0.01,9.1,0.0,0.6,0.68,69.19,"[69.19, 0.01, 0.01, 0.01, 0.01, 15.3, 5.1, 0.01, 0.0, 0.01, 9.1, 0.0, 0.6, 0.68]",1123.1,1198.9,13.0,[1123.1 1198.9   13. ],13.866041604316106,[1572.97694653 1686.43509869   13.8660416 ],strong,strong
128,0.15,0.01,0.01,9.0,4.8,1.5,0.5,0.0,0.01,13.0,0.0,0.03,0.02,70.99,"[70.99, 0.15, 0.01, 0.01, 9.0, 4.8, 1.5, 0.5, 0.0, 0.01, 13.0, 0.0, 0.03, 0.02]",1412.5,1688.1,10.0,[1412.5 1688.1   10. ],15.73967484401527,[1409.00932498 1691.08284832   15.73967484],medium,strong
129,0.2,0.01,0.01,10.53,2.49,1.98,0.01,0.0,0.1,13.67,0.0,0.03,0.0,70.98,"[70.98, 0.2, 0.01, 0.01, 10.53, 2.49, 1.98, 0.01, 0.0, 0.1, 13.67, 0.0, 0.03, 0.0]",1282.2,1668.7,17.8,[1282.2 1668.7   17.8],15.387082496291947,[1429.99523195 1783.77672781   15.3870825 ],strong,strong
130,0.23,0.01,0.01,3.11,11.26,1.19,0.01,0.0,0.01,13.48,0.0,0.01,0.01,70.62,"[70.62, 0.23, 0.01, 0.01, 3.11, 11.26, 1.19, 0.01, 0.0, 0.01, 13.48, 0.0, 0.01, 0.01]",1777.6,1954.6,15.6,[1777.6 1954.6   15.6],14.615117270291337,[1597.40949015 1844.09359162   14.61511727],strong,strong
131,0.03,0.01,0.01,0.01,15.0,5.0,0.01,0.0,0.2,8.8,0.0,0.98,0.26,69.68,"[69.68, 0.03, 0.01, 0.01, 0.01, 15.0, 5.0, 0.01, 0.0, 0.2, 8.8, 0.0, 0.98, 0.26]",1026.6,1164.4,35.0,[1026.6 1164.4   35. ],14.125551872045774,[1555.15780129 1643.37452688   14.12555187],strong,strong
132,0.03,0.01,0.01,0.01,18.3,5.1,0.01,0.0,0.01,6.7,0.0,0.11,0.7,68.99,"[68.99, 0.03, 0.01, 0.01, 0.01, 18.3, 5.1, 0.01, 0.0, 0.01, 6.7, 0.0, 0.11, 0.7]",1109.3,1281.5,18.0,[1109.3 1281.5   18. ],14.642415164873531,[1474.95956687 1581.66005954   14.64241516],strong,strong
133,0.1,0.62,0.37,12.195,0.01,6.15,0.01,0.03,0.01,10.2,0.0,0.03,0.0,70.25,"[70.25, 0.1, 0.62, 0.37, 12.195, 0.01, 6.15, 0.01, 0.03, 0.01, 10.2, 0.0, 0.03, 0.0]",1258.2,1650.9,12.0,[1258.2 1650.9   12. ],13.552306238241371,[1187.21363461 1642.92759182   13.55230624],strong,strong
134,0.22,0.01,0.01,3.11,11.22,1.19,0.01,0.0,0.01,13.51,0.0,0.01,0.01,70.65,"[70.65, 0.22, 0.01, 0.01, 3.11, 11.22, 1.19, 0.01, 0.0, 0.01, 13.51, 0.0, 0.01, 0.01]",1743.5,1925.4,16.8,[1743.5 1925.4   16.8],14.836199597649728,[1581.64073332 1822.8616587    14.8361996 ],strong,strong
135,0.21,0.01,0.01,3.1,11.18,1.19,0.01,0.0,0.01,13.52,0.0,0.01,0.01,70.77,"[70.77, 0.21, 0.01, 0.01, 3.1, 11.18, 1.19, 0.01, 0.0, 0.01, 13.52, 0.0, 0.01, 0.01]",1792.1,1991.2,15.0,[1792.1 1991.2   15. ],15.065096634329477,[1566.32382424 1801.70960653   15.06509663],strong,strong
136,0.23,0.01,0.01,3.1,11.08,1.19,0.01,0.0,0.01,13.49,0.0,0.01,0.01,70.83,"[70.83, 0.23, 0.01, 0.01, 3.1, 11.08, 1.19, 0.01, 0.0, 0.01, 13.49, 0.0, 0.01, 0.01]",1741.8,1933.4,15.6,[1741.8 1933.4   15.6],14.606499008829058,[1596.57894938 1843.87117703   14.60649901],strong,strong
137,0.23,0.01,0.01,3.11,11.16,1.18,0.01,0.0,0.01,13.46,0.0,0.01,0.01,70.83,"[70.83, 0.23, 0.01, 0.01, 3.11, 11.16, 1.18, 0.01, 0.0, 0.01, 13.46, 0.0, 0.01, 0.01]",1746.6,1945.8,14.8,[1746.6 1945.8   14.8],14.622864995516608,[1597.40230167 1843.95284849   14.622865  ],strong,strong
138,0.24,0.01,0.01,3.12,11.06,1.19,0.01,0.0,0.01,13.46,0.0,0.01,0.01,70.89,"[70.89, 0.24, 0.01, 0.01, 3.12, 11.06, 1.19, 0.01, 0.0, 0.01, 13.46, 0.0, 0.01, 0.01]",1804.2,2010.8,15.9,[1804.2 2010.8   15.9],14.39230864942322,[1612.29914006 1865.43184921   14.39230865],strong,strong
139,0.03,0.6,0.3,14.5,8.5,2.5,0.01,0.0,0.01,0.01,0.0,1.2,0.0,72.32,"[72.32, 0.03, 0.6, 0.3, 14.5, 8.5, 2.5, 0.01, 0.0, 0.01, 0.01, 0.0, 1.2, 0.0]",1478.4,1617.0,5.0,[1478.4 1617.     5. ],15.02720342791837,[1336.28263523 1439.89994904   15.02720343],medium,strong
140,0.21,0.01,0.01,3.11,11.11,1.19,0.01,0.0,0.01,13.48,0.0,0.01,0.01,70.87,"[70.87, 0.21, 0.01, 0.01, 3.11, 11.11, 1.19, 0.01, 0.0, 0.01, 13.48, 0.0, 0.01, 0.01]",1795.5,1991.9,13.4,[1795.5 1991.9   13.4],15.05789696360583,[1565.29990278 1800.5635474    15.05789696],strong,strong
141,0.23,0.01,0.02,3.12,11.03,1.2,0.01,0.0,0.01,13.45,0.0,0.01,0.01,70.91,"[70.91, 0.23, 0.01, 0.02, 3.12, 11.03, 1.2, 0.01, 0.0, 0.01, 13.45, 0.0, 0.01, 0.01]",1818.0,2022.2,14.4,[1818.  2022.2   14.4],14.587694005090711,[1595.93295609 1843.85527716   14.58769401],strong,strong
142,0.08,0.59,0.3,12.16,0.01,6.3,0.01,0.05,0.01,10.0,0.0,0.03,0.0,70.43,"[70.43, 0.08, 0.59, 0.3, 12.16, 0.01, 6.3, 0.01, 0.05, 0.01, 10.0, 0.0, 0.03, 0.0]",1287.4,,9.7,[1287.4    nan    9.7],12.882778574327869,[1170.56026467 1656.7180658    12.88277857],medium,strong
143,0.02,0.01,0.01,0.01,18.1,4.8,0.01,0.0,0.3,6.8,0.0,0.09,0.41,69.44,"[69.44, 0.02, 0.01, 0.01, 0.01, 18.1, 4.8, 0.01, 0.0, 0.3, 6.8, 0.0, 0.09, 0.41]",1005.9,1109.3,28.0,[1005.9 1109.3   28. ],16.234571060278057,[1348.42837041 1438.61574493   16.23457106],strong,strong
144,0.01,0.01,0.03,7.93,10.02,0.2,0.0,0.01,0.0,8.14,2.29,0.2,0.49,70.66,"[70.66, 0.01, 0.01, 0.03, 7.93, 10.02, 0.2, 0.0, 0.01, 0.0, 8.14, 2.29, 0.2, 0.49]",1525.0,1635.0,9.8,[1525.  1635.     9.8],14.663963952841382,[1364.92846748 1530.06965206   14.66396395],medium,strong
145,0.07,0.6,0.3,17.0,7.0,0.02,0.01,0.0,0.01,0.01,0.0,1.2,0.0,73.76,"[73.76, 0.07, 0.6, 0.3, 17.0, 7.0, 0.02, 0.01, 0.0, 0.01, 0.01, 0.0, 1.2, 0.0]",1362.9,1447.6,9.0,[1362.9 1447.6    9. ],14.99923979329423,[1405.07479963 1515.49850542   14.99923979],medium,strong
146,0.02,0.01,0.01,5.1,11.2,5.1,0.01,0.0,0.01,6.2,0.0,0.71,0.94,70.73,"[70.73, 0.02, 0.01, 0.01, 5.1, 11.2, 5.1, 0.01, 0.0, 0.01, 6.2, 0.0, 0.71, 0.94]",1071.4,1229.8,24.5,[1071.4 1229.8   24.5],12.44754856418196,[1608.81446883 1772.28642626   12.44754856],strong,strong
147,0.02,0.01,0.01,5.1,11.2,5.1,0.49,0.0,0.01,6.3,0.0,0.41,0.74,70.58,"[70.58, 0.02, 0.01, 0.01, 5.1, 11.2, 5.1, 0.49, 0.0, 0.01, 6.3, 0.0, 0.41, 0.74]",1136.8,1205.8,22.5,[1136.8 1205.8   22.5],13.324591311266028,[1486.26163945 1650.39638501   13.32459131],strong,strong
148,0.09,2.8,0.32,17.48,4.44,0.02,0.01,0.0,0.01,0.01,0.0,0.9,0.0,73.92,"[73.92, 0.09, 2.8, 0.32, 17.48, 4.44, 0.02, 0.01, 0.0, 0.01, 0.01, 0.0, 0.9, 0.0]",1236.6,1381.9,12.9,[1236.6 1381.9   12.9],14.251296708327365,[1331.64228811 1515.11791504   14.25129671],strong,strong
149,0.01,0.01,0.01,5.1,11.2,5.1,0.94,0.0,0.01,6.3,0.0,0.09,0.78,70.46,"[70.46, 0.01, 0.01, 0.01, 5.1, 11.2, 5.1, 0.94, 0.0, 0.01, 6.3, 0.0, 0.09, 0.78]",1040.4,1164.4,22.0,[1040.4 1164.4   22. ],13.592312399411679,[1419.20337023 1592.02914312   13.5923124 ],strong,strong
150,0.02,0.01,0.01,0.01,14.6,5.0,0.43,0.0,0.2,8.9,0.0,0.48,0.2,70.13,"[70.13, 0.02, 0.01, 0.01, 0.01, 14.6, 5.0, 0.43, 0.0, 0.2, 8.9, 0.0, 0.48, 0.2]",1026.6,1178.2,18.0,[1026.6 1178.2   18. ],15.262402227718384,[1403.96620847 1504.02171025   15.26240223],strong,strong
151,0.02,0.01,0.01,0.01,14.9,4.8,0.26,0.0,0.01,8.7,0.0,0.36,0.71,70.18,"[70.18, 0.02, 0.01, 0.01, 0.01, 14.9, 4.8, 0.26, 0.0, 0.01, 8.7, 0.0, 0.36, 0.71]",1164.4,1260.9,24.0,[1164.4 1260.9   24. ],13.805835049454963,[1541.96540818 1663.28777268   13.80583505],strong,strong
152,0.04,0.44,0.32,12.0,0.01,6.16,0.01,0.03,0.01,10.0,0.0,0.03,0.0,70.95,"[70.95, 0.04, 0.44, 0.32, 12.0, 0.01, 6.16, 0.01, 0.03, 0.01, 10.0, 0.0, 0.03, 0.0]",1219.7,1674.0,12.5,[1219.7 1674.    12.5],14.99399272242965,[1090.55081126 1500.87011369   14.99399272],strong,strong
153,0.04,0.01,0.01,0.01,15.0,5.0,0.01,0.0,0.2,8.8,0.0,0.5,0.24,70.16,"[70.16, 0.04, 0.01, 0.01, 0.01, 15.0, 5.0, 0.01, 0.0, 0.2, 8.8, 0.0, 0.5, 0.24]",1019.7,1157.5,15.0,[1019.7 1157.5   15. ],15.22588117457974,[1436.47325625 1547.19521418   15.22588117],strong,strong
154,0.21,0.01,0.6,8.2,2.6,1.3,0.29,0.0,0.01,14.2,0.0,0.03,0.02,72.51,"[72.51, 0.21, 0.01, 0.6, 8.2, 2.6, 1.3, 0.29, 0.0, 0.01, 14.2, 0.0, 0.03, 0.02]",1391.8,1839.6,11.0,[1391.8 1839.6   11. ],13.585128542858053,[1506.09969167 1865.18868563   13.58512854],strong,strong
155,0.01,0.01,0.01,5.0,11.2,5.0,0.01,0.0,0.01,6.2,0.0,0.09,1.81,70.65,"[70.65, 0.01, 0.01, 0.01, 5.0, 11.2, 5.0, 0.01, 0.0, 0.01, 6.2, 0.0, 0.09, 1.81]",1164.4,1288.4,33.0,[1164.4 1288.4   33. ],10.892376616187079,[1712.27501536 1942.33535162   10.89237662],strong,strong
156,0.17,0.16,0.05,2.97,10.02,1.21,0.01,0.0,0.01,13.74,0.0,0.01,0.0,71.66,"[71.66, 0.17, 0.16, 0.05, 2.97, 10.02, 1.21, 0.01, 0.0, 0.01, 13.74, 0.0, 0.01, 0.0]",1547.3,1663.9,14.4,[1547.3 1663.9   14.4],15.757985390136062,[1493.93852502 1715.11917242   15.75798539],strong,strong
157,0.07,0.6,0.3,15.0,7.0,2.25,0.01,0.0,0.01,0.01,0.0,1.2,0.0,73.57,"[73.57, 0.07, 0.6, 0.3, 15.0, 7.0, 2.25, 0.01, 0.0, 0.01, 0.01, 0.0, 1.2, 0.0]",1463.0,1555.4,6.5,[1463.  1555.4    6.5],14.17042566243904,[1389.5062326  1522.28566113   14.17042566],medium,strong
158,0.03,0.05,0.17,0.01,16.4,0.02,4.0,0.0,0.01,6.9,0.0,0.1,0.14,72.13,"[72.13, 0.03, 0.05, 0.17, 0.01, 16.4, 0.02, 4.0, 0.0, 0.01, 6.9, 0.0, 0.1, 0.14]",1536.5,1536.5,11.0,[1536.5 1536.5   11. ],12.152032571139245,[1528.55861088 1525.9716516    12.15203257],strong,strong
159,0.35,0.07,4.75,0.01,18.5,0.02,0.01,0.0,0.01,0.01,0.0,0.03,0.0,76.27,"[76.27, 0.35, 0.07, 4.75, 0.01, 18.5, 0.02, 0.01, 0.0, 0.01, 0.01, 0.0, 0.03, 0.0]",1250.5,1949.9,2.0,[1250.5 1949.9    2. ],3.248301934915885,[1779.85172494 2120.99042181    3.24830193],fragile,fragile
160,0.01,0.01,0.01,5.0,11.1,5.1,0.01,0.0,0.01,6.3,0.0,0.1,1.29,71.06,"[71.06, 0.01, 0.01, 0.01, 5.0, 11.1, 5.1, 0.01, 0.0, 0.01, 6.3, 0.0, 0.1, 1.29]",1123.1,1247.1,23.0,[1123.1 1247.1   23. ],12.866120497453352,[1544.78909353 1746.51938865   12.8661205 ],strong,strong
161,0.09,1.0,0.5,17.5,4.2,2.75,0.01,0.1,0.01,0.01,0.0,0.03,0.0,73.8,"[73.8, 0.09, 1.0, 0.5, 17.5, 4.2, 2.75, 0.01, 0.1, 0.01, 0.01, 0.0, 0.03, 0.0]",1016.4,1324.4,12.0,[1016.4 1324.4   12. ],10.318477739845244,[1168.0248964  1650.10874437   10.31847774],strong,strong
162,0.19,0.01,0.01,6.8,2.8,2.4,0.28,0.0,0.01,14.2,1.3,0.03,0.02,71.93,"[71.93, 0.19, 0.01, 0.01, 6.8, 2.8, 2.4, 0.28, 0.0, 0.01, 14.2, 1.3, 0.03, 0.02]",1371.1,1812.1,13.0,[1371.1 1812.1   13. ],13.369057486589787,[1455.71015707 1794.25599564   13.36905749],strong,strong
163,0.09,0.5,0.28,17.12,4.18,2.02,0.01,0.0,0.01,2.02,0.0,0.03,0.0,73.77,"[73.77, 0.09, 0.5, 0.28, 17.12, 4.18, 2.02, 0.01, 0.0, 0.01, 2.02, 0.0, 0.03, 0.0]",1117.3,1286.6,20.2,[1117.3 1286.6   20.2],17.116082550575562,[1101.33355791 1336.74039187   17.11608255],strong,strong
164,0.1,0.53,0.26,12.32,0.01,0.02,0.01,0.03,0.01,9.75,6.0,0.03,0.0,70.97,"[70.97, 0.1, 0.53, 0.26, 12.32, 0.01, 0.02, 0.01, 0.03, 0.01, 9.75, 6.0, 0.03, 0.0]",1232.0,1566.2,14.7,[1232.  1566.2   14.7],9.7126850246167,[1224.11202364 1630.88092353    9.71268502],strong,medium
165,0.16,0.16,0.05,1.97,10.05,1.0,0.01,0.0,0.01,13.88,0.0,0.01,0.0,72.67,"[72.67, 0.16, 0.16, 0.05, 1.97, 10.05, 1.0, 0.01, 0.0, 0.01, 13.88, 0.0, 0.01, 0.0]",1592.9,1729.6,14.5,[1592.9 1729.6   14.5],15.914224555878755,[1488.27262666 1690.79599836   15.91422456],strong,strong
166,0.16,0.06,0.04,1.95,10.15,0.98,0.01,0.0,0.01,13.8,0.0,0.01,0.01,72.8,"[72.8, 0.16, 0.06, 0.04, 1.95, 10.15, 0.98, 0.01, 0.0, 0.01, 13.8, 0.0, 0.01, 0.01]",1629.9,1760.8,14.5,[1629.9 1760.8   14.5],15.939926967671504,[1491.90682373 1691.01939024   15.93992697],strong,strong
167,0.02,0.01,0.01,5.0,11.1,4.8,0.01,0.0,0.01,6.2,0.0,0.09,0.82,71.91,"[71.91, 0.02, 0.01, 0.01, 5.0, 11.1, 4.8, 0.01, 0.0, 0.01, 6.2, 0.0, 0.09, 0.82]",1047.3,1178.2,18.0,[1047.3 1178.2   18. ],14.570028844969492,[1407.5206362  1580.2918748    14.57002884],strong,strong
168,0.11,0.58,0.22,11.89,0.01,3.88,0.01,0.02,0.01,10.2,0.0,0.03,0.0,73.08,"[73.08, 0.11, 0.58, 0.22, 11.89, 0.01, 3.88, 0.01, 0.02, 0.01, 10.2, 0.0, 0.03, 0.0]",1096.5,1492.3,14.5,[1096.5 1492.3   14.5],14.76500890927961,[1222.97432401 1605.83903044   14.76500891],strong,strong
169,0.24,0.01,0.01,9.1,2.8,1.3,0.37,0.0,0.01,12.4,0.0,0.03,0.03,73.72,"[73.72, 0.24, 0.01, 0.01, 9.1, 2.8, 1.3, 0.37, 0.0, 0.01, 12.4, 0.0, 0.03, 0.03]",1615.8,1960.2,15.5,[1615.8 1960.2   15.5],13.771444431932897,[1530.0961187  1863.17603303   13.77144443],strong,strong
170,0.23,0.01,0.01,9.0,2.8,1.3,0.3,0.0,0.01,12.5,0.0,0.03,0.03,73.79,"[73.79, 0.23, 0.01, 0.01, 9.0, 2.8, 1.3, 0.3, 0.0, 0.01, 12.5, 0.0, 0.03, 0.03]",1522.7,2024.0,14.4,[1522.7 2024.    14.4],14.08350858985616,[1512.59468846 1839.81328454   14.08350859],strong,strong
171,0.02,0.01,0.01,0.01,13.0,5.0,0.47,0.0,0.01,8.9,0.0,0.2,0.71,71.68,"[71.68, 0.02, 0.01, 0.01, 0.01, 13.0, 5.0, 0.47, 0.0, 0.01, 8.9, 0.0, 0.2, 0.71]",1061.1,1198.9,23.0,[1061.1 1198.9   23. ],13.755054339242658,[1495.35284176 1635.38675717   13.75505434],strong,strong
172,0.18,0.01,0.01,9.1,2.8,1.3,0.29,0.0,0.01,12.5,0.0,0.03,0.03,73.77,"[73.77, 0.18, 0.01, 0.01, 9.1, 2.8, 1.3, 0.29, 0.0, 0.01, 12.5, 0.0, 0.03, 0.03]",,1800.6,16.0,[   nan 1800.6   16. ],15.213163139844738,[1432.12908436 1730.64627475   15.21316314],strong,strong
173,0.24,0.01,0.01,9.0,2.8,1.3,0.29,0.0,0.01,12.4,0.0,0.03,0.02,73.9,"[73.9, 0.24, 0.01, 0.01, 9.0, 2.8, 1.3, 0.29, 0.0, 0.01, 12.4, 0.0, 0.03, 0.02]",1564.0,1939.6,16.0,[1564.  1939.6   16. ],13.908616929629552,[1523.66782177 1855.05690749   13.90861693],strong,strong
174,0.1,3.0,0.3,16.97,4.2,0.02,0.01,0.0,0.01,0.01,0.0,0.03,0.0,75.34,"[75.34, 0.1, 3.0, 0.3, 16.97, 4.2, 0.02, 0.01, 0.0, 0.01, 0.01, 0.0, 0.03, 0.0]",1130.4,1350.6,30.5,[1130.4 1350.6   30.5],16.1529363204767,[1116.28901836 1335.63722149   16.15293632],strong,strong
175,0.15,0.16,0.05,2.97,10.06,1.0,0.01,0.0,0.01,12.05,0.0,0.01,0.0,73.54,"[73.54, 0.15, 0.16, 0.05, 2.97, 10.06, 1.0, 0.01, 0.0, 0.01, 12.05, 0.0, 0.01, 0.0]",1455.4,1567.7,16.7,[1455.4 1567.7   16.7],16.12069540998806,[1445.99610179 1631.56083284   16.12069541],strong,strong
176,0.09,2.16,0.18,16.92,4.26,1.04,0.01,0.0,0.01,0.01,0.0,0.03,0.0,75.26,"[75.26, 0.09, 2.16, 0.18, 16.92, 4.26, 1.04, 0.01, 0.0, 0.01, 0.01, 0.0, 0.03, 0.0]",1028.7,1315.2,18.0,[1028.7 1315.2   18. ],16.6569325085974,[1088.12877785 1300.38582477   16.65693251],strong,strong
177,0.03,0.01,0.01,12.64,8.44,2.24,0.01,0.0,0.01,0.01,0.0,1.31,0.01,75.31,"[75.31, 0.03, 0.01, 0.01, 12.64, 8.44, 2.24, 0.01, 0.0, 0.01, 0.01, 0.0, 1.31, 0.01]",1521.3,1572.3,13.5,[1521.3 1572.3   13.5],15.285471836107007,[1381.57133401 1432.58713063   15.28547184],strong,strong
178,0.02,0.1,4.27,0.01,18.1,0.02,0.01,0.0,0.01,0.01,0.0,0.07,0.09,77.33,"[77.33, 0.02, 0.1, 4.27, 0.01, 18.1, 0.02, 0.01, 0.0, 0.01, 0.01, 0.0, 0.07, 0.09]",1801.8,1915.4,4.0,[1801.8 1915.4    4. ],10.829169612652464,[1286.20783771 1410.93309746   10.82916961],fragile,strong
179,0.15,0.16,0.06,2.01,10.08,1.22,0.01,0.0,0.01,12.15,0.0,0.01,0.0,74.16,"[74.16, 0.15, 0.16, 0.06, 2.01, 10.08, 1.22, 0.01, 0.0, 0.01, 12.15, 0.0, 0.01, 0.0]",1503.4,1642.2,16.0,[1503.4 1642.2   16. ],15.936989248167848,[1450.63317317 1632.23422884   15.93698925],strong,strong
180,0.03,0.01,0.01,12.51,8.36,2.22,0.01,0.0,0.01,0.01,0.0,1.06,0.09,75.68,"[75.68, 0.03, 0.01, 0.01, 12.51, 8.36, 2.22, 0.01, 0.0, 0.01, 0.01, 0.0, 1.06, 0.09]",1350.3,1413.2,18.2,[1350.3 1413.2   18.2],15.599491042776048,[1341.1212927  1404.79561119   15.59949104],strong,strong
181,0.04,0.01,0.02,12.52,8.63,2.1,0.01,0.0,0.01,0.01,0.0,1.0,0.0,75.68,"[75.68, 0.04, 0.01, 0.02, 12.52, 8.63, 2.1, 0.01, 0.0, 0.01, 0.01, 0.0, 1.0, 0.0]",1308.0,1431.4,14.3,[1308.  1431.4   14.3],15.926938870885323,[1315.59759121 1379.40476892   15.92693887],strong,strong
182,0.03,0.01,0.01,12.49,8.31,2.21,0.01,0.01,0.01,0.01,0.0,1.06,0.09,75.74,"[75.74, 0.03, 0.01, 0.01, 12.49, 8.31, 2.21, 0.01, 0.01, 0.01, 0.01, 0.0, 1.06, 0.09]",1357.9,1408.6,16.8,[1357.9 1408.6   16.8],15.003732012193058,[1350.86505163 1437.5254843    15.00373201],strong,strong
183,0.03,0.01,0.01,12.49,8.31,2.22,0.01,0.0,0.01,0.01,0.0,1.07,0.05,75.77,"[75.77, 0.03, 0.01, 0.01, 12.49, 8.31, 2.22, 0.01, 0.0, 0.01, 0.01, 0.0, 1.07, 0.05]",1317.0,1526.5,18.1,[1317.  1526.5   18.1],15.721342707341654,[1330.42276363 1391.2854687    15.72134271],strong,strong
184,0.03,0.01,0.01,12.52,8.34,2.21,0.01,0.01,0.01,0.01,0.0,1.06,0.02,75.77,"[75.77, 0.03, 0.01, 0.01, 12.52, 8.34, 2.21, 0.01, 0.01, 0.01, 0.01, 0.0, 1.06, 0.02]",1269.0,1325.2,16.2,[1269.  1325.2   16.2],15.28594516853531,[1328.31571908 1410.94380194   15.28594517],strong,strong
185,0.03,0.01,0.01,12.57,8.29,2.22,0.01,0.01,0.01,0.01,0.0,1.05,0.01,75.76,"[75.76, 0.03, 0.01, 0.01, 12.57, 8.29, 2.22, 0.01, 0.01, 0.01, 0.01, 0.0, 1.05, 0.01]",1306.9,1336.4,15.9,[1306.9 1336.4   15.9],15.347140499479089,[1321.38711823 1404.66848612   15.3471405 ],strong,strong
186,0.03,0.01,0.01,12.54,8.38,2.24,0.01,0.0,0.01,0.01,0.0,1.03,0.01,75.69,"[75.69, 0.03, 0.01, 0.01, 12.54, 8.38, 2.24, 0.01, 0.0, 0.01, 0.01, 0.0, 1.03, 0.01]",1285.0,1311.3,16.0,[1285.  1311.3   16. ],15.983520313206265,[1306.47692649 1367.07584164   15.98352031],strong,strong
187,0.04,0.01,0.01,12.49,8.3,2.23,0.01,0.0,0.01,0.01,0.0,1.07,0.01,75.79,"[75.79, 0.04, 0.01, 0.01, 12.49, 8.3, 2.23, 0.01, 0.0, 0.01, 0.01, 0.0, 1.07, 0.01]",1297.5,1343.3,15.5,[1297.5 1343.3   15.5],15.652086628388725,[1333.01659958 1397.63854304   15.65208663],strong,strong
188,0.04,0.01,0.01,12.51,8.32,2.22,0.01,0.0,0.01,0.01,0.0,1.06,0.05,75.77,"[75.77, 0.04, 0.01, 0.01, 12.51, 8.32, 2.22, 0.01, 0.0, 0.01, 0.01, 0.0, 1.06, 0.05]",1344.0,1511.0,17.8,[1344.  1511.    17.8],15.53594437674937,[1343.93126977 1411.25594517   15.53594438],strong,strong
189,0.04,0.01,0.01,12.45,8.33,2.2,0.01,0.0,0.01,0.01,0.0,1.04,0.1,75.75,"[75.75, 0.04, 0.01, 0.01, 12.45, 8.33, 2.2, 0.01, 0.0, 0.01, 0.01, 0.0, 1.04, 0.1]",1348.6,1440.6,17.3,[1348.6 1440.6   17.3],15.380856351754343,[1354.95856105 1425.04699068   15.38085635],strong,strong
190,0.12,0.18,0.06,2.01,10.07,1.0,0.01,0.0,0.01,12.1,0.0,0.01,0.0,74.4,"[74.4, 0.12, 0.18, 0.06, 2.01, 10.07, 1.0, 0.01, 0.0, 0.01, 12.1, 0.0, 0.01, 0.0]",1463.3,1574.7,15.4,[1463.3 1574.7   15.4],16.63244130934004,[1404.49027839 1563.85241517   16.63244131],strong,strong
191,0.03,0.01,0.01,12.51,8.28,2.2,0.01,0.01,0.01,0.01,0.0,1.05,0.05,75.84,"[75.84, 0.03, 0.01, 0.01, 12.51, 8.28, 2.2, 0.01, 0.01, 0.01, 0.01, 0.0, 1.05, 0.05]",1276.7,1334.0,18.3,[1276.7 1334.    18.3],15.193665110939584,[1335.2694104  1419.98180874   15.19366511],strong,strong
192,0.03,0.01,0.01,12.51,8.31,2.22,0.01,0.0,0.01,0.01,0.0,1.06,0.02,75.83,"[75.83, 0.03, 0.01, 0.01, 12.51, 8.31, 2.22, 0.01, 0.0, 0.01, 0.01, 0.0, 1.06, 0.02]",1296.0,1355.3,18.2,[1296.  1355.3   18.2],15.873727182919307,[1318.27674503 1377.87830576   15.87372718],strong,strong
193,0.03,0.01,0.01,12.56,8.31,2.22,0.01,0.0,0.01,0.01,0.0,1.02,0.01,75.8,"[75.8, 0.03, 0.01, 0.01, 12.56, 8.31, 2.22, 0.01, 0.0, 0.01, 0.01, 0.0, 1.02, 0.01]",1277.7,1308.8,16.1,[1277.7 1308.8   16.1],16.017277779187136,[1303.73816282 1364.74713896   16.01727778],strong,strong
194,0.04,0.01,0.01,12.49,8.3,2.21,0.01,0.0,0.01,0.01,0.0,1.02,0.09,75.81,"[75.81, 0.04, 0.01, 0.01, 12.49, 8.3, 2.21, 0.01, 0.0, 0.01, 0.01, 0.0, 1.02, 0.09]",1391.2,1426.0,16.6,[1391.2 1426.    16.6],15.480663729909141,[1346.28953449 1417.18637729   15.48066373],strong,strong
195,0.04,0.01,0.01,12.46,8.34,2.24,0.01,0.0,0.01,0.01,0.0,1.04,0.01,75.81,"[75.81, 0.04, 0.01, 0.01, 12.46, 8.34, 2.24, 0.01, 0.0, 0.01, 0.01, 0.0, 1.04, 0.01]",1312.0,1344.4,14.6,[1312.  1344.4   14.6],15.728240666663456,[1325.47025929 1390.94507034   15.72824067],strong,strong
196,0.03,0.01,0.01,12.47,8.31,2.2,0.01,0.0,0.01,0.01,0.0,1.03,0.02,75.89,"[75.89, 0.03, 0.01, 0.01, 12.47, 8.31, 2.2, 0.01, 0.0, 0.01, 0.01, 0.0, 1.03, 0.02]",1276.5,1463.8,18.6,[1276.5 1463.8   18.6],15.946396626990769,[1310.4717286  1370.40945424   15.94639663],strong,strong
197,0.2,0.01,0.01,8.2,2.1,1.3,0.29,0.0,0.01,12.4,0.0,0.03,0.02,75.44,"[75.44, 0.2, 0.01, 0.01, 8.2, 2.1, 1.3, 0.29, 0.0, 0.01, 12.4, 0.0, 0.03, 0.02]",1357.3,1777.6,11.0,[1357.3 1777.6   11. ],14.635606760716401,[1459.84338432 1761.67560199   14.63560676],strong,strong
198,0.04,0.01,0.01,12.35,8.27,2.21,0.01,0.0,0.01,0.01,0.0,1.04,0.03,75.98,"[75.98, 0.04, 0.01, 0.01, 12.35, 8.27, 2.21, 0.01, 0.0, 0.01, 0.01, 0.0, 1.04, 0.03]",1294.9,1352.1,18.2,[1294.9 1352.1   18.2],15.635645302957684,[1332.32795948 1397.55984238   15.6356453 ],strong,strong
199,0.13,1.0,0.25,15.5,4.2,2.75,0.01,0.1,0.01,0.01,0.0,0.03,0.0,76.02,"[76.02, 0.13, 1.0, 0.25, 15.5, 4.2, 2.75, 0.01, 0.1, 0.01, 0.01, 0.0, 0.03, 0.0]",1155.0,1409.1,14.0,[1155.  1409.1   14. ],9.616936562096589,[1241.35156819 1713.10855107    9.61693656],strong,medium
200,0.14,3.0,0.24,15.69,4.14,0.02,0.01,0.0,0.01,0.01,0.0,0.03,0.0,76.68,"[76.68, 0.14, 3.0, 0.24, 15.69, 4.14, 0.02, 0.01, 0.0, 0.01, 0.01, 0.0, 0.03, 0.0]",1153.4,1359.8,17.2,[1153.4 1359.8   17.2],15.207452537422496,[1186.56511903 1413.53128954   15.20745254],strong,strong
201,0.04,0.01,0.01,12.58,8.4,2.2,0.01,0.0,0.01,0.01,0.0,0.77,0.02,75.97,"[75.97, 0.04, 0.01, 0.01, 12.58, 8.4, 2.2, 0.01, 0.0, 0.01, 0.01, 0.0, 0.77, 0.02]",1280.2,1343.8,18.4,[1280.2 1343.8   18.4],16.426236414574472,[1257.3453978  1333.64550181   16.42623641],strong,strong
202,0.12,0.54,1.2,12.02,2.0,3.01,0.35,0.05,0.41,4.0,0.0,0.03,0.0,76.27,"[76.27, 0.12, 0.54, 1.2, 12.02, 2.0, 3.01, 0.35, 0.05, 0.41, 4.0, 0.0, 0.03, 0.0]",1074.9,1342.9,17.9,[1074.9 1342.9   17.9],10.690384820779805,[1229.95631531 1661.5081964    10.69038482],strong,strong
203,0.01,0.07,0.11,11.3,10.3,2.05,0.01,0.0,0.01,0.01,0.0,0.24,0.23,75.69,"[75.69, 0.01, 0.07, 0.11, 11.3, 10.3, 2.05, 0.01, 0.0, 0.01, 0.01, 0.0, 0.24, 0.23]",1157.5,1187.8,16.5,[1157.5 1187.8   16.5],17.46757044921727,[1161.35071899 1236.08351427   17.46757045],strong,strong
204,0.04,0.01,0.04,12.44,8.26,2.19,0.01,0.0,0.01,0.01,0.0,0.77,0.02,76.18,"[76.18, 0.04, 0.01, 0.04, 12.44, 8.26, 2.19, 0.01, 0.0, 0.01, 0.01, 0.0, 0.77, 0.02]",1280.8,1340.1,16.1,[1280.8 1340.1   16.1],16.340758786544416,[1257.14538086 1333.96620977   16.34075879],strong,strong
205,0.4,0.16,0.01,12.14,0.01,5.84,0.96,0.0,0.01,4.92,0.0,0.03,0.0,75.5,"[75.5, 0.4, 0.16, 0.01, 12.14, 0.01, 5.84, 0.96, 0.0, 0.01, 4.92, 0.0, 0.03, 0.0]",1667.4,2122.1,4.0,[1667.4 2122.1    4. ],7.850351932400695,[1620.21522625 2090.70717362    7.85035193],fragile,medium
206,0.03,0.01,0.01,11.2,9.61,0.02,0.01,0.0,0.01,0.01,4.0,0.39,0.26,74.39,"[74.39, 0.03, 0.01, 0.01, 11.2, 9.61, 0.02, 0.01, 0.0, 0.01, 0.01, 4.0, 0.39, 0.26]",1199.0,1266.5,10.3,[1199.  1266.5   10.3],13.395172911644531,[1239.30773232 1331.63104307   13.39517291],strong,strong
207,0.04,0.01,0.01,12.38,8.25,2.2,0.01,0.0,0.01,0.01,0.0,0.81,0.03,76.26,"[76.26, 0.04, 0.01, 0.01, 12.38, 8.25, 2.2, 0.01, 0.0, 0.01, 0.01, 0.0, 0.81, 0.03]",1305.4,1361.8,18.2,[1305.4 1361.8   18.2],16.24555107000453,[1271.30826978 1345.20378926   16.24555107],strong,strong
208,0.01,0.01,0.01,0.01,21.0,2.1,0.01,0.0,0.01,0.01,0.0,0.13,1.9,74.78,"[74.78, 0.01, 0.01, 0.01, 0.01, 21.0, 2.1, 0.01, 0.0, 0.01, 0.01, 0.0, 0.13, 1.9]",1661.2,1888.4,6.0,[1661.2 1888.4    6. ],10.811285826344122,[1821.46909664 1843.68261582   10.81128583],medium,strong
209,0.01,0.1,3.3,0.01,18.5,0.02,0.01,0.0,0.01,0.01,0.0,0.05,0.11,77.85,"[77.85, 0.01, 0.1, 3.3, 0.01, 18.5, 0.02, 0.01, 0.0, 0.01, 0.01, 0.0, 0.05, 0.11]",1474.4,1529.6,13.5,[1474.4 1529.6   13.5],12.697576149644057,[1262.77430264 1329.30117508   12.69757615],strong,strong
210,0.01,0.01,0.01,10.5,10.3,3.1,0.01,0.0,0.01,0.01,0.0,0.36,0.11,75.6,"[75.6, 0.01, 0.01, 0.01, 10.5, 10.3, 3.1, 0.01, 0.0, 0.01, 0.01, 0.0, 0.36, 0.11]",1091.4,1140.3,22.0,[1091.4 1140.3   22. ],17.443906258569495,[1144.85943968 1213.4812734    17.44390626],strong,strong
211,0.02,0.74,0.1,10.2,10.2,1.98,0.01,0.0,0.01,0.01,0.0,0.3,0.22,76.17,"[76.17, 0.02, 0.74, 0.1, 10.2, 10.2, 1.98, 0.01, 0.0, 0.01, 0.01, 0.0, 0.3, 0.22]",1145.8,1196.1,18.0,[1145.8 1196.1   18. ],16.727778394894827,[1194.91728217 1270.77915561   16.72777839],strong,strong
212,0.01,0.05,0.02,10.6,10.6,2.06,0.01,0.0,0.01,0.01,0.0,0.36,0.08,76.19,"[76.19, 0.01, 0.05, 0.02, 10.6, 10.6, 2.06, 0.01, 0.0, 0.01, 0.01, 0.0, 0.36, 0.08]",1194.0,1235.4,17.0,[1194.  1235.4   17. ],17.82970266173364,[1149.62269336 1197.66418508   17.82970266],strong,strong
213,0.1,0.5,0.3,12.0,2.0,0.02,0.01,0.0,0.01,5.0,6.0,0.03,0.0,74.02,"[74.02, 0.1, 0.5, 0.3, 12.0, 2.0, 0.02, 0.01, 0.0, 0.01, 5.0, 6.0, 0.03, 0.0]",1235.9,1520.0,15.6,[1235.9 1520.    15.6],11.148267679614001,[1157.12952298 1430.9638375    11.14826768],strong,strong
214,0.0,0.1,0.41,10.2,10.4,2.0,0.01,0.0,0.01,0.01,0.0,0.25,0.23,76.42,"[76.42, 0.0, 0.1, 0.41, 10.2, 10.4, 2.0, 0.01, 0.0, 0.01, 0.01, 0.0, 0.25, 0.23]",1221.6,1282.9,17.5,[1221.6 1282.9   17.5],17.021776907376363,[1159.72474519 1232.42613992   17.02177691],strong,strong
215,0.01,0.05,0.1,7.7,12.2,3.05,0.01,0.0,0.01,0.01,0.0,0.63,0.2,76.01,"[76.01, 0.01, 0.05, 0.1, 7.7, 12.2, 3.05, 0.01, 0.0, 0.01, 0.01, 0.0, 0.63, 0.2]",1506.8,1546.8,14.0,[1506.8 1546.8   14. ],16.01948865366775,[1278.42173357 1311.98879404   16.01948865],strong,strong
216,0.02,0.11,3.18,0.01,18.3,0.02,0.01,0.0,0.01,0.01,0.0,0.03,0.0,78.31,"[78.31, 0.02, 0.11, 3.18, 0.01, 18.3, 0.02, 0.01, 0.0, 0.01, 0.01, 0.0, 0.03, 0.0]",1419.4,1481.4,14.0,[1419.4 1481.4   14. ],13.148872266575953,[1235.02044936 1295.87182213   13.14887227],strong,strong
217,0.0,0.07,0.1,10.4,10.4,2.2,0.01,0.0,0.01,0.01,0.0,0.25,0.24,76.31,"[76.31, 0.0, 0.07, 0.1, 10.4, 10.4, 2.2, 0.01, 0.0, 0.01, 0.01, 0.0, 0.25, 0.24]",1224.7,,15.5,[1224.7    nan   15.5],17.489805347430092,[1155.32847588 1217.16416424   17.48980535],strong,strong
218,0.0,0.11,0.3,10.2,10.4,2.05,0.01,0.0,0.01,0.01,0.0,0.2,0.22,76.46,"[76.46, 0.0, 0.11, 0.3, 10.2, 10.4, 2.05, 0.01, 0.0, 0.01, 0.01, 0.0, 0.2, 0.22]",1173.8,1232.0,18.0,[1173.8 1232.    18. ],17.348257437723433,[1140.51759876 1209.63510532   17.34825744],strong,strong
219,0.01,0.08,0.05,9.4,10.7,3.2,0.01,0.0,0.01,0.01,0.0,0.27,0.22,75.98,"[75.98, 0.01, 0.08, 0.05, 9.4, 10.7, 3.2, 0.01, 0.0, 0.01, 0.01, 0.0, 0.27, 0.22]",1267.8,1285.0,15.0,[1267.8 1285.    15. ],17.00116035691104,[1164.52962632 1235.79056641   17.00116036],strong,strong
220,0.03,0.01,0.01,10.7,9.46,2.45,0.01,0.0,0.01,0.01,0.0,0.46,0.28,76.57,"[76.57, 0.03, 0.01, 0.01, 10.7, 9.46, 2.45, 0.01, 0.0, 0.01, 0.01, 0.0, 0.46, 0.28]",1182.0,1254.5,10.1,[1182.  1254.5   10.1],16.210143047369613,[1259.29486547 1338.79815869   16.21014305],strong,strong
221,0.0,0.05,0.02,11.2,9.9,2.05,0.01,0.0,0.01,0.01,0.0,0.13,0.3,76.3,"[76.3, 0.0, 0.05, 0.02, 11.2, 9.9, 2.05, 0.01, 0.0, 0.01, 0.01, 0.0, 0.13, 0.3]",1172.0,1213.3,18.0,[1172.  1213.3   18. ],17.810495564069857,[1135.09435336 1207.32719569   17.81049556],strong,strong
222,0.0,0.36,0.08,10.2,10.3,2.02,0.01,0.0,0.01,0.01,0.0,0.3,0.23,76.46,"[76.46, 0.0, 0.36, 0.08, 10.2, 10.3, 2.02, 0.01, 0.0, 0.01, 0.01, 0.0, 0.3, 0.23]",1178.9,1234.4,18.5,[1178.9 1234.4   18.5],17.32277746636049,[1167.23690496 1225.03920496   17.32277747],strong,strong
223,0.0,0.44,0.08,10.1,10.3,2.0,0.01,0.0,0.01,0.01,0.0,0.3,0.22,76.49,"[76.49, 0.0, 0.44, 0.08, 10.1, 10.3, 2.0, 0.01, 0.0, 0.01, 0.01, 0.0, 0.3, 0.22]",1163.0,1219.6,17.5,[1163.  1219.6   17.5],17.317338018046527,[1164.50240221 1221.59267098   17.31733802],strong,strong
224,0.01,0.11,0.18,10.2,10.3,2.05,0.01,0.0,0.01,0.01,0.0,0.27,0.22,76.61,"[76.61, 0.01, 0.11, 0.18, 10.2, 10.3, 2.05, 0.01, 0.0, 0.01, 0.01, 0.0, 0.27, 0.22]",1175.4,1224.4,19.0,[1175.4 1224.4   19. ],17.14596941379337,[1173.11356292 1239.37360967   17.14596941],strong,strong
225,0.01,0.03,0.03,10.2,10.5,2.2,0.01,0.0,0.01,0.01,0.0,0.23,0.24,76.55,"[76.55, 0.01, 0.03, 0.03, 10.2, 10.5, 2.2, 0.01, 0.0, 0.01, 0.01, 0.0, 0.23, 0.24]",1340.8,1353.2,13.0,[1340.8 1353.2   13. ],17.443999449251468,[1167.36722797 1229.02576898   17.44399945],strong,strong
226,0.01,0.12,0.06,10.3,10.2,2.05,0.01,0.0,0.01,0.01,0.0,0.31,0.21,76.7,"[76.7, 0.01, 0.12, 0.06, 10.3, 10.2, 2.05, 0.01, 0.0, 0.01, 0.01, 0.0, 0.31, 0.21]",1258.8,1289.1,15.0,[1258.8 1289.1   15. ],17.28861161106017,[1177.89902447 1237.05137661   17.28861161],strong,strong
227,0.01,0.05,0.09,7.65,12.2,3.05,0.01,0.0,0.01,0.01,0.0,0.46,0.2,76.25,"[76.25, 0.01, 0.05, 0.09, 7.65, 12.2, 3.05, 0.01, 0.0, 0.01, 0.01, 0.0, 0.46, 0.2]",1414.5,1465.5,15.0,[1414.5 1465.5   15. ],16.472695275829633,[1233.39108588 1272.1871606    16.47269528],strong,strong
228,0.02,0.24,0.1,10.2,10.3,1.94,0.01,0.0,0.01,0.01,0.0,0.24,0.23,76.68,"[76.68, 0.02, 0.24, 0.1, 10.2, 10.3, 1.94, 0.01, 0.0, 0.01, 0.01, 0.0, 0.24, 0.23]",1167.2,1207.8,16.5,[1167.2 1207.8   16.5],17.075720138988896,[1184.54008107 1254.06931709   17.07572014],strong,strong
229,0.0,0.05,0.02,10.4,10.0,2.05,0.01,0.0,0.01,0.01,0.0,0.35,0.31,76.79,"[76.79, 0.0, 0.05, 0.02, 10.4, 10.0, 2.05, 0.01, 0.0, 0.01, 0.01, 0.0, 0.35, 0.31]",1282.2,1344.2,16.0,[1282.2 1344.2   16. ],17.112259909094167,[1202.90047992 1259.05916743   17.11225991],strong,strong
230,0.01,0.01,0.01,0.01,17.5,2.1,2.0,0.0,0.01,0.01,0.0,0.12,2.0,76.22,"[76.22, 0.01, 0.01, 0.01, 0.01, 17.5, 2.1, 2.0, 0.0, 0.01, 0.01, 0.0, 0.12, 2.0]",1998.6,2088.4,10.0,[1998.6 2088.4   10. ],7.389928860095267,[1917.80827435 1960.11425413    7.38992886],medium,medium
231,0.02,0.48,0.1,10.0,10.0,1.92,0.01,0.0,0.01,0.01,0.0,0.29,0.21,76.98,"[76.98, 0.02, 0.48, 0.1, 10.0, 10.0, 1.92, 0.01, 0.0, 0.01, 0.01, 0.0, 0.29, 0.21]",1188.6,1236.4,16.5,[1188.6 1236.4   16.5],16.889922923383445,[1190.73616643 1259.62612249   16.88992292],strong,strong
232,0.0,0.05,0.02,10.3,10.2,2.06,0.01,0.0,0.01,0.01,0.0,0.35,0.17,76.82,"[76.82, 0.0, 0.05, 0.02, 10.3, 10.2, 2.06, 0.01, 0.0, 0.01, 0.01, 0.0, 0.35, 0.17]",1243.0,1292.6,16.0,[1243.  1292.6   16. ],17.657424454845724,[1159.27638783 1205.47426989   17.65742445],strong,strong
233,0.0,0.12,0.07,9.9,10.5,2.1,0.01,0.0,0.01,0.01,0.0,0.23,0.22,76.83,"[76.83, 0.0, 0.12, 0.07, 9.9, 10.5, 2.1, 0.01, 0.0, 0.01, 0.01, 0.0, 0.23, 0.22]",1150.6,1202.6,17.0,[1150.6 1202.6   17. ],17.620938523374054,[1148.15042031 1201.31220909   17.62093852],strong,strong
234,0.36,0.22,0.01,6.75,0.01,5.75,0.96,0.0,0.01,9.46,0.0,0.03,0.0,76.45,"[76.45, 0.36, 0.22, 0.01, 6.75, 0.01, 5.75, 0.96, 0.0, 0.01, 9.46, 0.0, 0.03, 0.0]",1846.5,2177.2,6.0,[1846.5 2177.2    6. ],8.422493868939341,[1642.49186774 2085.87373517    8.42249387],medium,medium
235,0.02,0.06,0.13,10.4,9.9,2.15,0.01,0.0,0.01,0.01,0.0,0.09,0.13,77.08,"[77.08, 0.02, 0.06, 0.13, 10.4, 9.9, 2.15, 0.01, 0.0, 0.01, 0.01, 0.0, 0.09, 0.13]",1005.9,1033.5,21.0,[1005.9 1033.5   21. ],17.820010751956787,[1105.93684433 1181.16276744   17.82001075],strong,strong
236,0.03,0.05,0.11,7.5,12.1,3.05,0.01,0.0,0.01,0.01,0.0,0.25,0.2,76.68,"[76.68, 0.03, 0.05, 0.11, 7.5, 12.1, 3.05, 0.01, 0.0, 0.01, 0.01, 0.0, 0.25, 0.2]",1218.8,1260.2,18.0,[1218.8 1260.2   18. ],16.518561693788925,[1209.76065291 1268.10088277   16.51856169],strong,strong
237,0.0,0.05,0.03,10.3,10.3,2.06,0.01,0.0,0.01,0.01,0.0,0.09,0.09,77.06,"[77.06, 0.0, 0.05, 0.03, 10.3, 10.3, 2.06, 0.01, 0.0, 0.01, 0.01, 0.0, 0.09, 0.09]",1032.1,1063.1,20.0,[1032.1 1063.1   20. ],18.635134443906146,[1064.85136138 1116.0423372    18.63513444],strong,strong
238,0.01,0.07,0.1,7.7,12.0,3.02,0.01,0.0,0.01,0.01,0.0,0.08,0.06,76.94,"[76.94, 0.01, 0.07, 0.1, 7.7, 12.0, 3.02, 0.01, 0.0, 0.01, 0.01, 0.0, 0.08, 0.06]",1010.8,1041.1,19.0,[1010.8 1041.1   19. ],17.980155649249777,[1085.38565777 1131.26841021   17.98015565],strong,strong
239,0.03,0.01,0.01,11.3,8.64,0.02,0.01,0.0,0.01,0.01,1.84,0.39,0.27,77.45,"[77.45, 0.03, 0.01, 0.01, 11.3, 8.64, 0.02, 0.01, 0.0, 0.01, 0.01, 1.84, 0.39, 0.27]",1194.0,1259.0,10.8,[1194.  1259.    10.8],15.342882096876535,[1247.80862949 1316.16119604   15.3428821 ],strong,strong
240,0.01,0.08,0.12,9.0,8.5,3.25,0.01,0.0,0.01,0.01,0.0,0.9,0.23,77.88,"[77.88, 0.01, 0.08, 0.12, 9.0, 8.5, 3.25, 0.01, 0.0, 0.01, 0.01, 0.0, 0.9, 0.23]",1462.7,1533.0,12.0,[1462.7 1533.    12. ],14.992335566039408,[1322.97217903 1379.66807172   14.99233557],strong,strong
241,0.02,0.06,0.08,7.4,10.3,3.25,0.01,0.0,0.01,0.01,0.0,0.91,0.23,77.72,"[77.72, 0.02, 0.06, 0.08, 7.4, 10.3, 3.25, 0.01, 0.0, 0.01, 0.01, 0.0, 0.91, 0.23]",1555.8,1598.5,12.0,[1555.8 1598.5   12. ],14.757918422378316,[1364.17978196 1401.44395938   14.75791842],strong,strong
242,0.0,0.12,0.08,10.4,9.2,1.97,0.01,0.0,0.01,0.01,0.0,0.26,0.21,77.71,"[77.71, 0.0, 0.12, 0.08, 10.4, 9.2, 1.97, 0.01, 0.0, 0.01, 0.01, 0.0, 0.26, 0.21]",1207.8,1223.7,,[1207.8 1223.7    nan],17.560725954178945,[1141.87614347 1200.93070491   17.56072595],,strong
243,0.02,0.01,0.01,0.01,17.9,3.1,0.9,0.0,0.01,0.01,0.0,0.07,1.4,76.58,"[76.58, 0.02, 0.01, 0.01, 0.01, 17.9, 3.1, 0.9, 0.0, 0.01, 0.01, 0.0, 0.07, 1.4]",1730.2,1819.5,10.0,[1730.2 1819.5   10. ],10.954679343192296,[1664.7432461  1695.48832282   10.95467934],medium,strong
244,0.03,0.01,0.01,10.7,10.3,0.02,0.01,0.0,0.01,0.01,0.0,0.21,0.31,78.4,"[78.4, 0.03, 0.01, 0.01, 10.7, 10.3, 0.02, 0.01, 0.0, 0.01, 0.01, 0.0, 0.21, 0.31]",1125.0,1217.5,15.4,[1125.  1217.5   15.4],17.445960271406726,[1239.64155979 1280.6545963    17.44596027],strong,strong
245,0.03,0.01,0.01,0.01,18.1,2.2,0.01,0.0,0.01,0.01,0.0,0.1,2.5,77.02,"[77.02, 0.03, 0.01, 0.01, 0.01, 18.1, 2.2, 0.01, 0.0, 0.01, 0.01, 0.0, 0.1, 2.5]",2006.0,2130.0,5.0,[2006. 2130.    5.],7.873777205912901,[2018.50844235 2101.70959477    7.87377721],medium,medium
246,0.03,0.01,0.01,0.01,18.1,2.2,0.01,0.0,0.01,0.01,0.0,0.11,2.5,77.01,"[77.01, 0.03, 0.01, 0.01, 0.01, 18.1, 2.2, 0.01, 0.0, 0.01, 0.01, 0.0, 0.11, 2.5]",2005.5,2129.5,5.0,[2005.5 2129.5    5. ],7.847858245587387,[2021.17488543 2104.00592799    7.84785825],medium,medium
247,0.01,0.06,2.58,0.01,17.8,0.02,0.01,0.0,0.01,0.01,0.0,0.05,0.07,79.41,"[79.41, 0.01, 0.06, 2.58, 0.01, 17.8, 0.02, 0.01, 0.0, 0.01, 0.01, 0.0, 0.05, 0.07]",1309.1,1374.6,16.0,[1309.1 1374.6   16. ],14.056954063814278,[1237.17393331 1263.74203873   14.05695406],strong,strong
248,0.01,0.12,0.08,9.8,10.0,1.7,0.01,0.0,0.01,0.01,0.0,0.2,0.19,77.9,"[77.9, 0.01, 0.12, 0.08, 9.8, 10.0, 1.7, 0.01, 0.0, 0.01, 0.01, 0.0, 0.2, 0.19]",1087.0,1130.2,15.4,[1087.  1130.2   15.4],17.63893857023227,[1148.78382875 1200.71081793   17.63893857],strong,strong
249,0.01,0.05,0.1,7.7,10.4,3.07,0.01,0.0,0.01,0.01,0.0,0.67,0.2,77.76,"[77.76, 0.01, 0.05, 0.1, 7.7, 10.4, 3.07, 0.01, 0.0, 0.01, 0.01, 0.0, 0.67, 0.2]",1475.8,1529.6,16.0,[1475.8 1529.6   16. ],15.777334674647786,[1275.80470884 1314.40622557   15.77733467],strong,strong
250,0.01,0.01,0.01,0.01,17.8,3.1,1.0,0.0,0.01,0.01,0.33,0.05,1.1,76.54,"[76.54, 0.01, 0.01, 0.01, 0.01, 17.8, 3.1, 1.0, 0.0, 0.01, 0.01, 0.33, 0.05, 1.1]",1688.1,1750.1,12.0,[1688.1 1750.1   12. ],11.928043832379048,[1547.38892138 1559.69743254   11.92804383],strong,strong
251,0.03,0.01,0.01,0.01,17.3,0.02,1.8,0.0,2.5,0.01,0.0,0.1,1.07,77.11,"[77.11, 0.03, 0.01, 0.01, 0.01, 17.3, 0.02, 1.8, 0.0, 2.5, 0.01, 0.0, 0.1, 1.07]",1730.2,1771.4,8.0,[1730.2 1771.4    8. ],12.423337217505296,[1531.97040204 1578.26381249   12.42333722],medium,strong
252,0.38,0.18,0.01,7.43,0.01,9.67,0.96,0.0,0.01,4.91,0.0,0.03,0.0,76.41,"[76.41, 0.38, 0.18, 0.01, 7.43, 0.01, 9.67, 0.96, 0.0, 0.01, 4.91, 0.0, 0.03, 0.0]",1577.8,1943.0,3.0,[1577.8 1943.     3. ],6.689254450016952,[1568.88694669 2053.09067307    6.68925445],fragile,medium
253,0.4,0.18,0.01,9.69,0.01,5.84,0.96,0.0,0.01,4.87,0.0,0.03,0.0,78.04,"[78.04, 0.4, 0.18, 0.01, 9.69, 0.01, 5.84, 0.96, 0.0, 0.01, 4.87, 0.0, 0.03, 0.0]",1798.3,2135.9,6.0,[1798.3 2135.9    6. ],7.541995122122305,[1635.40231313 2080.54275008    7.54199512],medium,medium
254,0.02,0.1,2.02,0.01,18.4,0.02,0.01,0.0,0.01,0.01,0.0,0.03,0.0,79.36,"[79.36, 0.02, 0.1, 2.02, 0.01, 18.4, 0.02, 0.01, 0.0, 0.01, 0.01, 0.0, 0.03, 0.0]",1298.8,1343.6,15.0,[1298.8 1343.6   15. ],15.136465439127702,[1222.41366222 1219.53892202   15.13646544],strong,strong
255,0.01,0.05,0.09,7.6,10.3,3.05,0.01,0.0,0.01,0.01,0.0,0.52,0.2,78.15,"[78.15, 0.01, 0.05, 0.09, 7.6, 10.3, 3.05, 0.01, 0.0, 0.01, 0.01, 0.0, 0.52, 0.2]",1383.5,1424.9,15.0,[1383.5 1424.9   15. ],16.170197577574477,[1235.9414839  1278.47722946   16.17019758],strong,strong
256,0.02,0.01,0.01,0.01,17.5,0.02,1.9,0.0,0.01,0.01,0.0,0.09,2.06,78.34,"[78.34, 0.02, 0.01, 0.01, 0.01, 17.5, 0.02, 1.9, 0.0, 0.01, 0.01, 0.0, 0.09, 2.06]",1730.2,1943.5,6.0,[1730.2 1943.5    6. ],7.697392447610362,[1966.89880834 1979.84654295    7.69739245],medium,medium
257,0.01,0.05,0.06,5.32,12.95,2.93,0.01,0.0,0.01,0.01,0.0,0.51,0.2,77.96,"[77.96, 0.01, 0.05, 0.06, 5.32, 12.95, 2.93, 0.01, 0.0, 0.01, 0.01, 0.0, 0.51, 0.2]",,1429.0,15.0,[  nan 1429.   15.],16.19578017368227,[1268.11805928 1274.71824858   16.19578017],strong,strong
258,0.01,0.03,0.01,0.01,18.11,3.07,0.01,0.0,0.01,0.01,0.0,0.09,1.41,77.26,"[77.26, 0.01, 0.03, 0.01, 0.01, 18.11, 3.07, 0.01, 0.0, 0.01, 0.01, 0.0, 0.09, 1.41]",1641.2,1709.9,10.7,[1641.2 1709.9   10.7],12.352542183919663,[1618.34568289 1641.24585046   12.35254218],strong,strong
259,0.01,0.02,0.01,0.01,18.2,3.06,0.01,0.0,0.01,0.01,0.0,0.09,1.26,77.33,"[77.33, 0.01, 0.02, 0.01, 0.01, 18.2, 3.06, 0.01, 0.0, 0.01, 0.01, 0.0, 0.09, 1.26]",1599.4,1670.1,12.5,[1599.4 1670.1   12.5],12.948593119833848,[1570.21472734 1583.40986884   12.94859312],strong,strong
260,0.29,0.01,0.01,1.02,10.46,2.0,0.1,0.0,0.01,7.17,1.28,0.03,0.01,77.61,"[77.61, 0.29, 0.01, 0.01, 1.02, 10.46, 2.0, 0.1, 0.0, 0.01, 7.17, 1.28, 0.03, 0.01]",1683.0,1990.0,14.0,[1683. 1990.   14.],10.878147204932194,[1621.09401288 1843.70508815   10.8781472 ],strong,strong
261,0.0,0.01,0.01,0.01,18.1,3.1,0.01,0.0,0.01,0.01,0.0,0.05,1.4,77.26,"[77.26, 0.0, 0.01, 0.01, 0.01, 18.1, 3.1, 0.01, 0.0, 0.01, 0.01, 0.0, 0.05, 1.4]",1716.3,1833.4,13.0,[1716.3 1833.4   13. ],12.704169918942403,[1587.47325394 1605.63703513   12.70416992],strong,strong
262,0.03,0.01,0.01,0.01,18.5,0.02,0.01,0.0,0.01,0.01,3.0,0.1,1.4,76.86,"[76.86, 0.03, 0.01, 0.01, 0.01, 18.5, 0.02, 0.01, 0.0, 0.01, 0.01, 3.0, 0.1, 1.4]",1600.0,1650.0,8.0,[1600. 1650.    8.],9.920662070180235,[1673.25049202 1686.96847337    9.92066207],medium,medium
263,0.0,0.07,0.08,7.5,10.5,3.3,0.01,0.0,0.01,0.01,0.0,0.21,0.23,78.08,"[78.08, 0.0, 0.07, 0.08, 7.5, 10.5, 3.3, 0.01, 0.0, 0.01, 0.01, 0.0, 0.21, 0.23]",1263.6,1279.5,16.0,[1263.6 1279.5   16. ],17.02224241366205,[1145.877921   1198.63070274   17.02224241],strong,strong
264,0.01,0.04,0.1,7.95,10.2,3.08,0.01,0.0,0.01,0.01,0.0,0.08,0.05,78.46,"[78.46, 0.01, 0.04, 0.1, 7.95, 10.2, 3.08, 0.01, 0.0, 0.01, 0.01, 0.0, 0.08, 0.05]",1061.7,1079.0,18.0,[1061.7 1079.    18. ],17.910445829985175,[1066.64064306 1121.29054211   17.91044583],strong,strong
265,0.01,0.08,0.12,8.9,8.35,3.25,0.01,0.0,0.01,0.01,0.0,0.25,0.2,78.81,"[78.81, 0.01, 0.08, 0.12, 8.9, 8.35, 3.25, 0.01, 0.0, 0.01, 0.01, 0.0, 0.25, 0.2]",1169.2,1181.6,18.0,[1169.2 1181.6   18. ],16.7701534014958,[1139.41230632 1217.84372391   16.7701534 ],strong,strong
266,0.01,0.06,0.05,7.8,10.2,3.2,0.01,0.0,0.01,0.01,0.0,0.06,0.1,78.5,"[78.5, 0.01, 0.06, 0.05, 7.8, 10.2, 3.2, 0.01, 0.0, 0.01, 0.01, 0.0, 0.06, 0.1]",1036.9,1054.9,19.0,[1036.9 1054.9   19. ],17.795951821685275,[1076.48609199 1133.25373531   17.79595182],strong,strong
267,0.03,0.07,0.04,8.9,8.45,3.25,0.01,0.0,0.01,0.01,0.0,0.15,0.23,78.86,"[78.86, 0.03, 0.07, 0.04, 8.9, 8.45, 3.25, 0.01, 0.0, 0.01, 0.01, 0.0, 0.15, 0.23]",1150.6,1168.5,17.0,[1150.6 1168.5   17. ],16.62267248813435,[1154.29379614 1245.24847037   16.62267249],strong,strong
268,0.01,0.01,0.01,0.01,18.1,1.0,0.01,0.0,0.01,0.01,0.0,0.08,1.8,78.92,"[78.92, 0.01, 0.01, 0.01, 0.01, 18.1, 1.0, 0.01, 0.0, 0.01, 0.01, 0.0, 0.08, 1.8]",1737.2,1840.3,9.0,[1737.2 1840.3    9. ],11.399969441565776,[1768.31664954 1775.11075241   11.39996944],medium,strong
269,0.02,0.21,0.19,4.98,12.26,2.97,0.01,0.0,0.01,0.01,0.0,0.23,0.14,78.94,"[78.94, 0.02, 0.21, 0.19, 4.98, 12.26, 2.97, 0.01, 0.0, 0.01, 0.01, 0.0, 0.23, 0.14]",1194.0,1223.7,15.0,[1194.  1223.7   15. ],16.532635262338278,[1187.07216948 1215.68882163   16.53263526],strong,strong
270,0.01,0.08,0.05,4.65,12.1,3.13,0.01,0.0,0.01,0.01,0.0,0.57,0.2,79.17,"[79.17, 0.01, 0.08, 0.05, 4.65, 12.1, 3.13, 0.01, 0.0, 0.01, 0.01, 0.0, 0.57, 0.2]",1390.4,1413.8,15.0,[1390.4 1413.8   15. ],15.839281015765524,[1279.0447699  1283.26806483   15.83928102],strong,strong
271,0.01,2.5,0.02,0.01,18.0,0.02,0.01,0.0,0.01,0.01,0.0,0.05,0.04,79.28,"[79.28, 0.01, 2.5, 0.02, 0.01, 18.0, 0.02, 0.01, 0.0, 0.01, 0.01, 0.0, 0.05, 0.04]",1471.1,1522.7,12.0,[1471.1 1522.7   12. ],17.51911639418212,[1194.52403999 1118.30235849   17.51911639],strong,strong
272,0.01,0.05,0.12,4.8,12.16,2.99,0.01,0.0,0.01,0.01,0.0,0.4,0.19,79.21,"[79.21, 0.01, 0.05, 0.12, 4.8, 12.16, 2.99, 0.01, 0.0, 0.01, 0.01, 0.0, 0.4, 0.19]",1272.6,1318.1,17.5,[1272.6 1318.1   17.5],16.266698206889735,[1232.29044798 1244.19546964   16.26669821],strong,strong
273,0.01,0.01,0.01,0.01,17.4,1.44,0.01,0.0,0.01,0.01,0.0,0.08,1.9,79.13,"[79.13, 0.01, 0.01, 0.01, 0.01, 17.4, 1.44, 0.01, 0.0, 0.01, 0.01, 0.0, 0.08, 1.9]",1392.4,1640.4,12.0,[1392.4 1640.4   12. ],10.851305445424693,[1790.68021364 1814.31540146   10.85130545],strong,strong
274,0.01,0.01,0.01,0.01,17.1,2.0,0.01,0.0,0.01,0.01,0.0,0.07,1.82,78.91,"[78.91, 0.01, 0.01, 0.01, 0.01, 17.1, 2.0, 0.01, 0.0, 0.01, 0.01, 0.0, 0.07, 1.82]",1874.6,1971.2,10.0,[1874.6 1971.2   10. ],11.010377638898893,[1752.14633146 1783.13543864   11.01037764],medium,strong
275,0.02,0.01,0.01,0.01,17.8,0.64,0.01,0.0,0.01,0.01,0.0,0.08,2.03,79.41,"[79.41, 0.02, 0.01, 0.01, 0.01, 17.8, 0.64, 0.01, 0.0, 0.01, 0.01, 0.0, 0.08, 2.03]",1730.2,1854.2,10.0,[1730.2 1854.2   10. ],10.368689067045393,[1862.21697905 1882.89419845   10.36868907],medium,strong
276,0.01,0.06,0.03,4.67,12.14,3.17,0.01,0.0,0.01,0.01,0.0,0.47,0.19,79.21,"[79.21, 0.01, 0.06, 0.03, 4.67, 12.14, 3.17, 0.01, 0.0, 0.01, 0.01, 0.0, 0.47, 0.19]",1390.4,1413.8,15.0,[1390.4 1413.8   15. ],16.173163311742446,[1248.49171605 1255.24383238   16.17316331],strong,strong
277,0.01,0.1,0.18,4.87,12.08,2.97,0.01,0.0,0.01,0.01,0.0,0.25,0.15,79.35,"[79.35, 0.01, 0.1, 0.18, 4.87, 12.08, 2.97, 0.01, 0.0, 0.01, 0.01, 0.0, 0.25, 0.15]",1230.6,1262.2,16.0,[1230.6 1262.2   16. ],16.70126318421269,[1179.4052934  1199.1079161    16.70126318],strong,strong
278,0.01,0.02,0.03,5.0,12.16,3.0,0.01,0.0,0.01,0.01,0.0,0.31,0.21,79.23,"[79.23, 0.01, 0.02, 0.03, 5.0, 12.16, 3.0, 0.01, 0.0, 0.01, 0.01, 0.0, 0.31, 0.21]",1309.8,1345.6,15.0,[1309.8 1345.6   15. ],16.617751420171036,[1212.88295356 1226.14946927   16.61775142],strong,strong
279,0.02,0.01,0.01,0.01,17.9,0.3,0.01,0.0,0.01,0.01,0.0,0.1,1.95,79.69,"[79.69, 0.02, 0.01, 0.01, 0.01, 17.9, 0.3, 0.01, 0.0, 0.01, 0.01, 0.0, 0.1, 1.95]",1674.6,1778.3,9.0,[1674.6 1778.3    9. ],10.721685681433161,[1846.35587447 1854.60615381   10.72168568],medium,strong
280,0.02,0.08,0.04,4.73,12.08,3.15,0.01,0.0,0.01,0.01,0.0,0.38,0.23,79.28,"[79.28, 0.02, 0.08, 0.04, 4.73, 12.08, 3.15, 0.01, 0.0, 0.01, 0.01, 0.0, 0.38, 0.23]",1243.6,1267.1,17.0,[1243.6 1267.1   17. ],16.020644068359495,[1253.36523787 1273.07775167   16.02064407],strong,strong
281,0.01,0.05,0.06,4.86,11.6,2.95,0.01,0.0,0.01,0.01,0.0,0.58,0.22,79.65,"[79.65, 0.01, 0.05, 0.06, 4.86, 11.6, 2.95, 0.01, 0.0, 0.01, 0.01, 0.0, 0.58, 0.22]",1437.3,1459.3,16.0,[1437.3 1459.3   16. ],15.770592587401033,[1285.93738776 1291.44268056   15.77059259],strong,strong
282,0.01,0.03,0.11,4.77,12.21,3.03,0.01,0.0,0.01,0.01,0.0,0.26,0.2,79.39,"[79.39, 0.01, 0.03, 0.11, 4.77, 12.21, 3.03, 0.01, 0.0, 0.01, 0.01, 0.0, 0.26, 0.2]",1216.8,1249.8,17.0,[1216.8 1249.8   17. ],16.619783755181405,[1199.00170031 1216.06534782   16.61978376],strong,strong
283,0.37,0.18,0.01,7.41,0.01,6.85,0.96,0.0,0.01,4.88,0.0,0.03,0.0,79.3,"[79.3, 0.37, 0.18, 0.01, 7.41, 0.01, 6.85, 0.96, 0.0, 0.01, 4.88, 0.0, 0.03, 0.0]",1784.5,2129.0,5.0,[1784.5 2129.     5. ],7.64658628927139,[1588.72614559 2012.26319636    7.64658629],medium,medium
284,0.0,0.04,0.06,5.01,11.83,2.98,0.01,0.0,0.01,0.01,0.0,0.39,0.2,79.43,"[79.43, 0.0, 0.04, 0.06, 5.01, 11.83, 2.98, 0.01, 0.0, 0.01, 0.01, 0.0, 0.39, 0.2]",1324.3,1351.8,16.0,[1324.3 1351.8   16. ],16.586088107797387,[1212.82155382 1219.40238841   16.58608811],strong,strong
285,0.01,0.04,1.87,0.01,16.7,0.02,0.01,0.0,0.01,0.01,0.0,0.05,0.08,81.2,"[81.2, 0.01, 0.04, 1.87, 0.01, 16.7, 0.02, 0.01, 0.0, 0.01, 0.01, 0.0, 0.05, 0.08]",1188.5,1223.0,18.0,[1188.5 1223.    18. ],15.150121937912136,[1224.08548394 1215.99965144   15.15012194],strong,strong
286,0.01,0.08,0.04,4.7,12.2,3.13,0.01,0.0,0.01,0.01,0.0,0.26,0.19,79.4,"[79.4, 0.01, 0.08, 0.04, 4.7, 12.2, 3.13, 0.01, 0.0, 0.01, 0.01, 0.0, 0.26, 0.19]",1212.6,1244.3,18.0,[1212.6 1244.3   18. ],16.72143038702608,[1193.94915333 1208.63584931   16.72143039],strong,strong
287,0.36,0.21,0.01,7.72,0.01,5.71,1.15,0.0,0.01,4.93,0.0,0.03,0.0,79.86,"[79.86, 0.36, 0.21, 0.01, 7.72, 0.01, 5.71, 1.15, 0.0, 0.01, 4.93, 0.0, 0.03, 0.0]",1819.0,2135.9,6.0,[1819.  2135.9    6. ],7.927071483396267,[1594.557712   1994.66293531    7.92707148],medium,medium
288,0.37,0.23,0.01,7.19,0.01,5.71,1.1,0.0,0.78,4.99,0.0,0.03,0.0,79.58,"[79.58, 0.37, 0.23, 0.01, 7.19, 0.01, 5.71, 1.1, 0.0, 0.78, 4.99, 0.0, 0.03, 0.0]",1340.1,1998.1,10.0,[1340.1 1998.1   10. ],8.014271250005265,[1573.41966607 2001.8947961     8.01427125],medium,medium
289,0.0,0.05,0.06,4.81,11.5,2.95,0.01,0.0,0.01,0.01,0.0,0.66,0.2,79.76,"[79.76, 0.0, 0.05, 0.06, 4.81, 11.5, 2.95, 0.01, 0.0, 0.01, 0.01, 0.0, 0.66, 0.2]",1451.7,1494.4,16.0,[1451.7 1494.4   16. ],15.849065369577643,[1284.52287237 1279.74313117   15.84906537],strong,strong
290,0.35,0.23,0.01,7.15,0.01,5.78,1.02,0.0,0.01,4.9,1.54,0.03,0.0,78.96,"[78.96, 0.35, 0.23, 0.01, 7.15, 0.01, 5.78, 1.02, 0.0, 0.01, 4.9, 1.54, 0.03, 0.0]",1688.1,,,[1688.1    nan    nan],6.7732294863654,[1565.87175159 1976.00613941    6.77322949],,medium
291,0.01,0.07,0.04,4.57,12.05,3.12,0.01,0.0,0.01,0.01,0.0,0.34,0.18,79.59,"[79.59, 0.01, 0.07, 0.04, 4.57, 12.05, 3.12, 0.01, 0.0, 0.01, 0.01, 0.0, 0.34, 0.18]",1254.0,1286.4,16.0,[1254.  1286.4   16. ],16.525219904995822,[1211.47140783 1221.44836382   16.5252199 ],strong,strong
292,0.01,1.72,0.02,0.01,18.1,0.02,0.01,0.0,0.01,0.01,0.0,0.05,0.06,79.94,"[79.94, 0.01, 1.72, 0.02, 0.01, 18.1, 0.02, 0.01, 0.0, 0.01, 0.01, 0.0, 0.05, 0.06]",1136.9,1192.0,8.0,[1136.9 1192.     8. ],17.77603228659556,[1203.20354562 1115.31362603   17.77603229],medium,strong
293,0.36,0.17,0.01,7.11,0.01,0.25,1.08,0.0,0.01,5.03,9.18,0.03,0.0,76.75,"[76.75, 0.36, 0.17, 0.01, 7.11, 0.01, 0.25, 1.08, 0.0, 0.01, 5.03, 9.18, 0.03, 0.0]",1681.2,2032.6,2.0,[1.6812e+03 2.0326e+03 2.0000e+00],0.7369411477633181,[1.61240068e+03 2.02458243e+03 7.36941148e-01],fragile,fragile
294,0.01,0.05,0.11,4.62,12.08,2.79,0.01,0.0,0.01,0.01,0.0,0.21,0.2,79.91,"[79.91, 0.01, 0.05, 0.11, 4.62, 12.08, 2.79, 0.01, 0.0, 0.01, 0.01, 0.0, 0.21, 0.2]",1167.2,1220.9,17.5,[1167.2 1220.9   17.5],16.77015480284436,[1188.35807619 1201.91190268   16.7701548 ],strong,strong
295,0.43,0.21,0.01,7.14,0.01,5.62,1.02,0.0,0.01,4.99,0.0,0.03,0.0,80.52,"[80.52, 0.43, 0.21, 0.01, 7.14, 0.01, 5.62, 1.02, 0.0, 0.01, 4.99, 0.0, 0.03, 0.0]",1736.3,2039.4,6.0,[1736.3 2039.4    6. ],6.5246509926140845,[1705.29957419 2139.91343493    6.52465099],medium,medium
296,0.02,0.01,0.01,0.01,15.7,2.0,0.01,0.0,0.01,0.01,0.0,0.1,1.98,80.13,"[80.13, 0.02, 0.01, 0.01, 0.01, 15.7, 2.0, 0.01, 0.0, 0.01, 0.01, 0.0, 0.1, 1.98]",1723.2,1847.2,10.0,[1723.2 1847.2   10. ],9.988063099677959,[1818.1418429  1868.37689013    9.9880631 ],medium,medium
297,0.39,0.22,0.01,6.99,0.01,5.75,1.08,0.0,0.01,4.9,0.0,0.03,0.0,80.61,"[80.61, 0.39, 0.22, 0.01, 6.99, 0.01, 5.75, 1.08, 0.0, 0.01, 4.9, 0.0, 0.03, 0.0]",1688.1,1998.1,8.0,[1688.1 1998.1    8. ],7.257346449784688,[1642.7385486  2053.71919641    7.25734645],medium,medium
298,0.02,0.07,0.11,4.7,10.2,3.1,0.01,0.0,0.01,0.01,0.0,0.7,0.22,80.85,"[80.85, 0.02, 0.07, 0.11, 4.7, 10.2, 3.1, 0.01, 0.0, 0.01, 0.01, 0.0, 0.7, 0.22]",1420.0,1455.9,12.0,[1420.  1455.9   12. ],14.97975060760971,[1323.14997252 1339.22619733   14.97975061],strong,strong
299,0.4,0.14,0.01,7.41,0.01,5.75,0.56,0.0,0.01,4.83,0.0,0.03,0.0,80.85,"[80.85, 0.4, 0.14, 0.01, 7.41, 0.01, 5.75, 0.56, 0.0, 0.01, 4.83, 0.0, 0.03, 0.0]",1805.2,2101.5,4.0,[1805.2 2101.5    4. ],7.849326727966762,[1631.43085317 2050.08954496    7.84932673],fragile,medium
300,0.02,0.07,0.1,4.83,10.2,3.2,0.01,0.0,0.01,0.01,0.0,0.52,0.24,80.8,"[80.8, 0.02, 0.07, 0.1, 4.83, 10.2, 3.2, 0.01, 0.0, 0.01, 0.01, 0.0, 0.52, 0.24]",1304.3,1338.7,14.0,[1304.3 1338.7   14. ],15.377242475610108,[1279.57694101 1306.22088196   15.37724248],strong,strong
301,0.36,0.23,0.01,6.55,0.01,5.75,0.86,0.0,0.41,5.1,0.0,0.03,0.0,80.68,"[80.68, 0.36, 0.23, 0.01, 6.55, 0.01, 5.75, 0.86, 0.0, 0.41, 5.1, 0.0, 0.03, 0.0]",1653.6,1963.7,6.0,[1653.6 1963.7    6. ],8.34076531876833,[1569.60887056 1974.51784844    8.34076532],medium,medium
302,0.02,0.01,0.01,0.01,15.3,1.4,0.01,0.0,0.01,0.01,0.0,0.12,2.1,80.97,"[80.97, 0.02, 0.01, 0.01, 0.01, 15.3, 1.4, 0.01, 0.0, 0.01, 0.01, 0.0, 0.12, 2.1]",1792.2,1916.2,4.0,[1792.2 1916.2    4. ],9.592828568639394,[1867.04774457 1913.63539064    9.59282857],fragile,medium
303,0.38,0.19,0.01,7.39,0.01,5.75,0.06,0.0,0.01,4.88,0.0,0.03,0.0,81.28,"[81.28, 0.38, 0.19, 0.01, 7.39, 0.01, 5.75, 0.06, 0.0, 0.01, 4.88, 0.0, 0.03, 0.0]",1564.0,1887.9,8.0,[1564.  1887.9    8. ],8.971094092534914,[1577.02779908 1984.54557147    8.97109409],medium,medium
304,0.11,0.68,0.25,11.9,2.38,1.76,0.33,0.02,0.01,0.01,0.0,0.03,0.0,82.5,"[82.5, 0.11, 0.68, 0.25, 11.9, 2.38, 1.76, 0.33, 0.02, 0.01, 0.01, 0.0, 0.03, 0.0]",1021.0,1128.8,23.6,[1021.  1128.8   23.6],14.131386066736258,[1166.48607449 1386.24791798   14.13138607],strong,strong
305,0.32,0.23,0.01,6.61,0.01,5.75,0.92,0.0,0.01,4.9,0.0,0.03,0.0,81.2,"[81.2, 0.32, 0.23, 0.01, 6.61, 0.01, 5.75, 0.92, 0.0, 0.01, 4.9, 0.0, 0.03, 0.0]",1681.2,1984.3,8.0,[1681.2 1984.3    8. ],8.968170834320265,[1526.16512823 1891.70102111    8.96817083],medium,medium
306,0.01,0.06,0.08,4.72,10.1,3.13,0.01,0.0,0.01,0.01,0.0,0.25,0.23,81.39,"[81.39, 0.01, 0.06, 0.08, 4.72, 10.1, 3.13, 0.01, 0.0, 0.01, 0.01, 0.0, 0.25, 0.23]",1172.0,1198.2,16.0,[1172.  1198.2   16. ],16.369570970305354,[1188.94077365 1215.66049683   16.36957097],strong,strong
307,0.38,0.18,0.01,7.27,0.01,3.77,0.96,0.0,0.01,4.9,0.0,0.03,0.0,82.48,"[82.48, 0.38, 0.18, 0.01, 7.27, 0.01, 3.77, 0.96, 0.0, 0.01, 4.9, 0.0, 0.03, 0.0]",1722.5,1998.1,5.0,[1722.5 1998.1    5. ],8.217815707597849,[1644.81069611 2013.9321902     8.21781571],medium,medium
308,0.0,0.06,0.05,5.15,10.2,3.2,0.01,0.0,0.01,0.01,0.0,0.03,0.09,81.18,"[81.18, 0.0, 0.06, 0.05, 5.15, 10.2, 3.2, 0.01, 0.0, 0.01, 0.01, 0.0, 0.03, 0.09]",1019.0,1019.0,19.0,[1019. 1019.   19.],17.797346803036014,[1065.5192907  1089.76475758   17.7973468 ],strong,strong
309,0.37,0.17,0.01,5.2,0.01,5.84,1.05,0.0,0.91,4.88,0.0,0.03,0.0,81.53,"[81.53, 0.37, 0.17, 0.01, 5.2, 0.01, 5.84, 1.05, 0.0, 0.91, 4.88, 0.0, 0.03, 0.0]",1860.3,2156.6,3.0,[1860.3 2156.6    3. ],7.8695526209594036,[1574.12436352 1987.00090993    7.86955262],fragile,medium
310,0.41,0.19,0.01,6.99,0.01,5.84,0.92,0.0,0.01,0.02,0.0,0.03,0.0,85.57,"[85.57, 0.41, 0.19, 0.01, 6.99, 0.01, 5.84, 0.92, 0.0, 0.01, 0.02, 0.0, 0.03, 0.0]",1812.1,2087.7,2.0,[1.8121e+03 2.0877e+03 2.0000e+00],6.640993099509167,[1611.04225082 1978.51380479    6.6409931 ],fragile,medium
311,0.27,0.27,0.01,0.41,8.28,0.49,0.07,0.0,0.01,3.9,0.0,0.03,0.0,86.25,"[86.25, 0.27, 0.27, 0.01, 0.41, 8.28, 0.49, 0.07, 0.0, 0.01, 3.9, 0.0, 0.03, 0.0]",1139.7,,15.4,[1139.7    nan   15.4],12.391977717364044,[1561.64601525 1693.1505347    12.39197772],strong,strong
